Master	Secondary	Date_analyzed	Analyzed_by	Video_type	Species	Architecture	Frame	Timestamp_min	Number_of_zooids	Colony_motion_length_mm	Colony_stolon_length_mm	Zooid_length_mm	Zooid_width_mm	Zooid_measured	Frontal_zooids	Frontal_CSA_mm2	Jet_motion_angle	Dorso-Ventral_Zooid_Stolon_angle	Notes
A001C0276_20210919221503_0001	B003C0269_20210919221504_0001	11/22/22	ADS	Stereo	Cyclosalpa sewelli	Cluster	0	0	6										
A001C0276_20210919221503_0001	B003C0269_20210919221504_0001	11/22/22	ADS	Stereo	Cyclosalpa sewelli	Cluster	1110	0.1543		25.551	45.676								
A001C0276_20210919221503_0001	B003C0269_20210919221504_0001	11/22/22	ADS	Stereo	Cyclosalpa sewelli	Cluster	1110	0.1543				16.64	9.463	Leftmost					
A001C0276_20210919221503_0001	B003C0269_20210919221504_0001	11/22/22	ADS	Stereo	Cyclosalpa sewelli	Cluster	1090	0.1515						3rd from left				76.344	
A001C0332_20210921222049_0001_1	B003C0308_20210921222050_0001	11/22/22	ADS		Ritteriella amboinensis	Bipinnate	4100	0.57						4			28.88		
A001C0332_20210921222049_0001_1	B003C0308_20210921222050_0001	11/22/22	ADS		Ritteriella amboinensis	Bipinnate	4100	0.57						5			38.033		
A001C0332_20210921222049_0001_1	B003C0308_20210921222050_0001	11/22/22	ADS		Ritteriella amboinensis	Bipinnate	4566	0.6348							2	180.827			
A001C0332_20210921222049_0001_1	B003C0308_20210921222050_0001	11/22/22	ADS		Ritteriella amboinensis	Bipinnate	4500	0.6256	19										
A001C0332_20210921222049_0001_1	B003C0308_20210921222050_0001	11/22/22	ADS		Ritteriella amboinensis	Bipinnate	4200	0.5839					12.695	5					
A001C0332_20210921222049_0001_1	B003C0308_20210921222050_0001	11/22/22	ADS		Ritteriella amboinensis	Bipinnate	3440	0.4783				21.48	8.764	1					
A001C0332_20210921222049_0001_1	B003C0308_20210921222050_0001	11/22/22	ADS		Ritteriella amboinensis	Bipinnate	3940	0.5478					13.118	4					
A001C0332_20210921222049_0001_1	B003C0308_20210921222050_0001	11/22/22	ADS		Ritteriella amboinensis	Bipinnate	3940	0.5478				21.17		5					
A001C0332_20210921222049_0001_1	B003C0308_20210921222050_0001	11/22/22	ADS		Ritteriella amboinensis	Bipinnate	510	0.0709				24.11		19					
A001C0332_20210921222049_0001_1	B003C0308_20210921222050_0001	12/7/22	ADS		Ritteriella amboinensis	Bipinnate	3520	0.4894						3			33.652		
A001C0322_20210921220127_0001	B001C0298_20210921220128_0001	1/18/23	ABP		Ritteriella amboinensis	Bipinnate	943	0.1311	21	277.892	277.892				1				Speeds saved to csv file with master name
A001C0322_20210921220127_0001	B001C0298_20210921220128_0001	1/23/23	ABP		Ritteriella amboinensis	Bipinnate	1003	0.1394	21			26.047	9.561	8					
A001C0322_20210921220127_0001	B001C0298_20210921220128_0001	1/23/23	ABP		Ritteriella amboinensis	Bipinnate	1003	0.1394	21			23.359	10.374	10					
A001C0322_20210921220127_0001	B001C0298_20210921220128_0001	1/23/23	ABP		Ritteriella amboinensis	Bipinnate	1003	0.1394	21			22.699	11.131	12					
A001C0323_20210921220235_0001	B003C0299_20210921220236_0001	1/26/23	KAW		Ritteriella amboinensis	Bipinnate	1392	0.1935	21	291.444	291.444				2				
A001C0323_20210921220235_0001	B003C0299_20210921220236_0001	3/9/23	KAW		Ritteriella amboinensis	Bipinnate	2292	0.3186	21			22.705	10.298	7					
A001C0323_20210921220235_0001	B003C0299_20210921220236_0001	3/9/23	KAW		Ritteriella amboinensis	Bipinnate	2292	0.3186	21			19.344	6.092	2					
A001C0323_20210921220235_0001	B003C0299_20210921220236_0001	3/9/23	KAW		Ritteriella amboinensis	Bipinnate	2292	0.3186	21			19.383	6.531	4					
A002C0010_20220420224658_0001	B004C0010_20220420224701_0001	4/27/23	KAW		Brooksia rostrata	Bipinnate	800	0.2224	27	95.004	95.004				1				
A002C0010_20220420224658_0001	B004C0010_20220420224701_0001	4/27/23	KAW		Brooksia rostrata	Bipinnate	0	0	27			8.149	4.757	1					
A002C0010_20220420224658_0001	B004C0010_20220420224701_0001	4/27/23	KAW		Brooksia rostrata	Bipinnate	0	0	27			9.82	4.31	2					
A002C0010_20220420224658_0001	B004C0010_20220420224701_0001	4/27/23	KAW		Brooksia rostrata	Bipinnate	0	0	27			8.487	4.964	3					
A002C0055_20220421230043_0001	B004C0055_20220421230046_0001	5/4/23	ABP		Brooksia rostrata	Bipinnate	480	0.1335	18	64.004	64.004	7.069	4.815	1					
A002C0055_20220421230043_0001	B004C0055_20220421230046_0001	5/5/23	ABP		Brooksia rostrata	Bipinnate	250	0.0695				5.543	5.771	2					
A002C0055_20220421230043_0001	B004C0055_20220421230046_0001	5/6/23	ABP		Brooksia rostrata	Bipinnate	250	0.0695				6.059	3.698	3					
A002C0055_20220421230043_0001	B004C0055_20220421230046_0001	5/7/23	ABP		Brooksia rostrata	Bipinnate								1			23.644		
A002C0055_20220421230043_0001	B004C0055_20220421230046_0001	5/4/23	ABP		Brooksia rostrata	Bipinnate								3			23.357		
A002C0055_20220421230043_0001	B004C0055_20220421230046_0001	5/4/23	ABP		Brooksia rostrata	Bipinnate								5			23.18		
A002C0061_20220421230910_0001	B004C0061_20220421230913_0001	5/4/23	ABP		Cyclosalpa affinis	Whorl								1			39.379		
A002C0061_20220421230910_0001	B004C0061_20220421230913_0001	5/4/23	ABP		Cyclosalpa affinis	Whorl								2			47.192		
A002C0061_20220421230910_0001	B004C0061_20220421230913_0001	5/4/23	ABP		Cyclosalpa affinis	Whorl								3			28.761		
A001C0341_20210921224426_0001	B003C0317_20210921224427_0001	5/19/23	KAW		Pegea sp.	Transversal	0	0	20			31.186	11.264	1					
A001C0341_20210921224426_0001	B003C0317_20210921224427_0001	5/19/23	KAW		Pegea sp.	Transversal	0	0	20			21.805	13.963	2					
A001C0341_20210921224426_0001	B003C0317_20210921224427_0001	5/19/23	KAW		Pegea sp.	Transversal	0	0	20			30.596	12.389	4					
A001C0330_20210921221301_0001	B003C0306_20210921221301_0001	5/22/23	KAW		Cyclosalpa bakeri	Whorl	250	0.0348	11			8.057	3.892	1					
A001C0330_20210921221301_0001	B003C0306_20210921221301_0001	5/22/23	KAW		Cyclosalpa bakeri	Whorl	250	0.0348				7.969	6.511	11					
A001C0330_20210921221301_0001	B003C0306_20210921221301_0001	5/22/23	KAW		Cyclosalpa bakeri	Whorl	270	0.0375				6.666	3.519	3					
A001C0330_20210921221301_0001	B003C0306_20210921221301_0001	5/22/23	KAW		Cyclosalpa bakeri	Whorl	1287	0.3579	2			31.901	17.883	2					
A001C0330_20210921221301_0001	B003C0306_20210921221301_0001	5/22/23	KAW		Cyclosalpa bakeri	Whorl	737	0.2049	2			33.393	18.363	1					
A001C0352_20210922221526_0001	B003C0328_20210922221527_0001	5/22/23	KAW		Pegea sp.	Transversal	3109	0.4322	4			30.728	16.412	1					
A001C0352_20210922221526_0001	B003C0328_20210922221527_0001	5/22/23	KAW		Pegea sp.	Transversal	3109	0.4322	4			38.953	20.609	2					
A001C0352_20210922221526_0001	B003C0328_20210922221527_0001	5/22/23	KAW		Pegea sp.	Transversal	3109	0.4322	4			39.07	17.974	3					
A002C0073_20220422223852_0001	B004C0073_20220422223855_0001	5/23/22	KAW		Cyclosalpa bakeri	Whorl	636	0.1768	13			4.545	2.311	1					
A002C0073_20220422223852_0001	B004C0073_20220422223855_0001	5/23/22	KAW		Cyclosalpa bakeri	Whorl	636	0.1768	13			4.836	2.363	2					
A002C0073_20220422223852_0001	B004C0073_20220422223855_0001	5/23/22	KAW		Cyclosalpa bakeri	Whorl	636	0.1768	13			4.782	2.653	3					
A001C0247_20210918223147_0001_1	B003C0244_20210918223148_0001	6/2/23	KAW		Cyclosalpa sewelli	Cluster	252	0.035	7			17.764	8.919	7					
A001C0247_20210918223147_0001_1	B003C0244_20210918223148_0001	6/2/23	KAW		Cyclosalpa sewelli	Cluster	252	0.035	7			15.435	10.179	1					
A001C0247_20210918223147_0001_1	B003C0244_20210918223148_0001	6/2/23	KAW		Cyclosalpa sewelli	Cluster	252	0.035	7			18.458	6.018	5					
A001C0247_20210918223147_0001_2	B003C0244_20210918223148_0001	6/2/23	KAW		Soestia zonaria	Linear	3309	0.46	8			25.304	12.515	1					
A001C0247_20210918223147_0001_2	B003C0244_20210918223148_0001	6/2/23	KAW		Soestia zonaria	Linear	3309	0.46	8			24.468	12.54	3					
A001C0247_20210918223147_0001_2	B003C0244_20210918223148_0001	6/2/23	KAW		Soestia zonaria	Linear	3309	0.46	8			25.621	12.59	7					
A001C0210_20210710142059_0001_1	B003C0206_20210710142059_0001	6/2/23	KAW		Cyclosalpa bakeri	Whorl	1351	0.1878	6			4.519	2.036	1					
A001C0210_20210710142059_0001_1	B003C0206_20210710142059_0001	6/2/23	KAW		Cyclosalpa bakeri	Whorl	1351	0.1878	6			3.767	1.949	2					
A001C0210_20210710142059_0001_1	B003C0206_20210710142059_0001	6/2/23	KAW		Cyclosalpa bakeri	Whorl	1351	0.1878	6			3.538	1.501	3					
A001C0336_20210921222915_0001	B003C0312_20210921222916_0001	7/24/23	KAW		Iasis cylindrica	Linear	0	0	17	79.021	79.021	11.806	5.368	17					
A001C0336_20210921222915_0001	B003C0312_20210921222916_0001	6/11/23	ABP		Iasis cylindrica	Linear	1552	0.02116	17					1			17.700		
A001C0336_20210921222915_0001	B003C0312_20210921222916_0001	6/11/23	ABP		Iasis cylindrica	Linear	1552	0.02116	17					2			12.999		
A001C0336_20210921222915_0001	B003C0312_20210921222916_0001	6/11/23	ABP		Iasis cylindrica	Linear	1552	0.02116	17					4			12.331		
A001C0336_20210921222915_0001	B003C0312_20210921222916_0001	6/11/23	ABP		Iasis cylindrica	Linear	1627	0.2262	17			11.592	6.284	1			15.643		
A001C0336_20210921222915_0001	B003C0312_20210921222916_0001	6/11/23	ABP		Iasis cylindrica	Linear	1627	0.2262	17			9.723	7.918	2			23.828		
A001C0336_20210921222915_0001	B003C0312_20210921222916_0001	6/11/23	ABP		Iasis cylindrica	Linear	1627	0.2262	17					5			15.172		
A001C0334_20210921222327_0001	B003C0310_20210921222328_0001	6/14/23	KAW		Salpa aspera	Linear	1401	0.1948	8			27.926	14.631	6					
A001C0334_20210921222327_0001	B003C0310_20210921222328_0001	6/14/23	KAW		Salpa aspera	Linear	1401	0.1948	8			25.724	14.064	7					
A001C0334_20210921222327_0001	B003C0310_20210921222328_0001	6/14/23	KAW		Salpa aspera	Linear	1401	0.1948	8			27.835	14.829	8					
A001C0320_20210921215927_0001	B003C0296_20210921215927_0001	6/14/23	KAW		Salpa maxima	Linear	1850	0.2572	2			48.129	30.804						
A001C0320_20210921215927_0001	B003C0296_20210921215927_0001	6/14/23	KAW		Salpa maxima	Linear	1850	0.2572	2			51.207	33.841						
A001C0348_20210922220852_0001	B003C0324_20210922220853_0001	6/14/23	KAW		Ritteriella sp.	Bipinnate	0	0	38			16.593	7.375	1					
A001C0348_20210922220852_0001	B003C0324_20210922220853_0001	6/14/23	KAW		Ritteriella sp.	Bipinnate	0	0	38			23.207	7.576	2					
A001C0348_20210922220852_0001	B003C0324_20210922220853_0001	6/14/23	KAW		Ritteriella sp.	Bipinnate	0	0	38			25.812	7.91	4					
A001C0349_20210922220958_0001	B003C0325_20210922220959_0001	6/15/23	KAW		Ritteriella sp.	Bipinnate	280	0.0389	31			23.682	16.25	1					
A001C0349_20210922220958_0001	B003C0325_20210922220959_0001	6/15/23	KAW		Ritteriella sp.	Bipinnate	280	0.0389	31			24.993	11.496	2					
A001C0349_20210922220958_0001	B003C0325_20210922220959_0001	6/15/23	KAW		Ritteriella sp.	Bipinnate	280	0.0389	31			24.238	11.471	4					
A002C0010_20220420224658_0001	B004C0010_20220420224701_0001	6/15/23	KAW		Brooksia rostrata	Bipinnate	658	0.183	27			7.065	3.561	2					
A002C0010_20220420224658_0001	B004C0010_20220420224701_0001	6/15/23	KAW		Brooksia rostrata	Bipinnate	658	0.183	27			6.202	4.023	3					
A002C0010_20220420224658_0001	B004C0010_20220420224701_0001	6/15/23	KAW		Brooksia rostrata	Bipinnate	658	0.183	27			8.189	5.132	4					
A001C0262_20210919202019_0001	B003C0255_20210919202020_0001	6/15/23	KAW		Cyclosalpa sewelli	Cluster	480	0.0667	7			12.584	3.675	1					
A001C0262_20210919202019_0001	B003C0255_20210919202020_0001	6/15/23	KAW		Cyclosalpa sewelli	Cluster	480	0.0667	7			11.418	3.704	2					
A001C0262_20210919202019_0001	B003C0255_20210919202020_0001	6/15/23	KAW		Cyclosalpa sewelli	Cluster	480	0.0667	7			13.94	3.314	3					
A001C0274_20210919203457_0001	B003C0267_20210919203458_0001	6/19/23	KAW		Cyclosalpa sewelli	Cluster	1279	0.7598	7			17.705	13.97	1					
A001C0274_20210919203457_0001	B003C0267_20210919203458_0001	6/19/23	KAW		Cyclosalpa sewelli	Cluster	1279	0.7598	7			18.209	13.797	2					
A001C0274_20210919203457_0001	B003C0267_20210919203458_0001	6/19/23	KAW		Cyclosalpa sewelli	Cluster	1279	0.7598	7			23.257	14.5	7					
A001C0326_20210921220800_0001	B003C0302_20210921220801_0001	6/19/23	KAW		Cyclosalpa sewelli	Cluster	1157	0.1609	2			17.069	7.959	1					
A001C0326_20210921220800_0001	B003C0302_20210921220801_0001	6/19/23	KAW		Cyclosalpa sewelli	Cluster	1157	0.1609	2			19.84	11.326	2					
A001C0351_20210922221355_0001	B003C0327_20210922221356_0001	6/19/23	KAW		Cyclosalpa sewelli	Cluster	1259	0.175	4			21.253	13.023	3					
A001C0351_20210922221355_0001	B003C0327_20210922221356_0001	6/19/23	KAW		Cyclosalpa sewelli	Cluster	1809	0.2515	4			20.336	11.819	1					
A001C0351_20210922221355_0001	B003C0327_20210922221356_0001	6/19/23	KAW		Cyclosalpa sewelli	Cluster	1809	0.2515	4			19.527	10.734	2					
A001C0339_20210921223812_0001	B003C0315_20210921223812_0001	6/19/23	ABP		Iasis cylindrica	Linear	856	0.119	12					1			31.856		
A001C0339_20210921223812_0001	B003C0315_20210921223812_0001	6/19/23	ABP		Iasis cylindrica	Linear	856	0.119	12					3			25.811		
A001C0339_20210921223812_0001	B003C0315_20210921223812_0001	6/19/23	ABP		Iasis cylindrica	Linear	856	0.119	12					5			27.545		
A002C0047_20220421225032_0001	B004C0047_20220421225035_0001	7/24/23	KAW		Cyclosalpa polae	Cluster	128	0.0356	2			17.091	33.996	1					
A002C0047_20220421225032_0001	B004C0047_20220421225035_0001	7/24/23	KAW		Cyclosalpa polae	Cluster	128	0.0356	2			18.183	27.573	2					
A002C0047_20220421225032_0001	B004C0047_20220421225035_0001	6/19/23	ABP		Cyclosalpa polae	Cluster	1404	0.3904	2	37.513	20.909			1*		302.46			Took CSA of zooid in lower left of yellow circle
A001C0113_20210709170400_0001	B003C0109_20210709170400_0001	7/24/23	KAW		Brooksia rostrata	Bipinnate	10057	1.3982	34	120.632	120.632	7.144	2.693	2					
A001C0113_20210709170400_0001	B003C0109_20210709170400_0001	7/24/23	KAW		Brooksia rostrata	Bipinnate	10057	1.3982	34			7.521	2.943	3					
A001C0113_20210709170400_0001	B003C0109_20210709170400_0001	7/24/23	KAW		Brooksia rostrata	Bipinnate	10057	1.3982	34			5.002	2.447	4					
A001C0113_20210709170400_0001	B003C0109_20210709170400_0001	6/19/23	ABP		Brooksia rostrata	Bipinnate	9088	1.2635	34							124.613			
A001C0115_20210709170736_0001	B003C0111_20210709170736_0001	6/19/23	ABP		Brooksia rostrata	Bipinnate	979	0.1361	20							64.006			
A001C0143_20210709181838_0001_1	B003C0139_20210709181838_0001	6/19/23	ABP		Brooksia rostrata	Bipinnate	1305	0.1814	11							202.792			
A001C0207_20210710141533_0001	B003C0203_20210710141533_0001	6/19/23	ABP		Cyclosalpa bakeri	Whorl	1554	0.216	4							113.721			
A001C0277_20210919221557_0001	B003C0270_20210919221559_0001	6/20/23	KAW		Iasis cylindrica	Linear	390	0.0542	80			10.459	8.636	1					
A001C0277_20210919221557_0001	B003C0270_20210919221559_0001	6/20/23	KAW		Iasis cylindrica	Linear	390	0.0542	80			7.645	5.119	2					
A001C0277_20210919221557_0001	B003C0270_20210919221559_0001	6/20/23	KAW		Iasis cylindrica	Linear	390	0.0542	80			7.884	4.92	3					
A001C0279_20210919221855_0001	B003C0272_20210919221857_0001	6/20/23	KAW		Iasis cylindrica	Linear	180	0.025	12			7.079	2.363	1					
A001C0279_20210919221855_0001	B003C0272_20210919221857_0001	6/20/23	KAW		Iasis cylindrica	Linear	180	0.025	12			6.063	2.467	2					
A001C0279_20210919221855_0001	B003C0272_20210919221857_0001	6/20/23	KAW		Iasis cylindrica	Linear	180	0.025	12			6.319	2.377	3					
A001C0336_20210921222915_0001	B003C0312_20210921222916_0001	6/20/23	KAW		Iasis cylindrica	Linear	2880	0.4004	17			10.773	5.354	1					
A001C0336_20210921222915_0001	B003C0312_20210921222916_0001	6/20/23	KAW		Iasis cylindrica	Linear	2880	0.4004	17			10.769	4.492	2					
A001C0336_20210921222915_0001	B003C0312_20210921222916_0001	6/20/23	KAW		Iasis cylindrica	Linear	2880	0.4004	17			10.546	3.735	4					
A001C0339_20210921223812_0001	B003C0315_20210921223812_0001	7/24/23	KAW		Iasis cylindrica	Linear	1391	0.1934	12	60.928	60.928								
A001C0339_20210921223812_0001	B003C0315_20210921223812_0001	6/20/23	KAW		Iasis cylindrica	Linear	1401	0.1948	12			10.575	5.944	1					
A001C0339_20210921223812_0001	B003C0315_20210921223812_0001	6/20/23	KAW		Iasis cylindrica	Linear	1401	0.1948	12			9.129	7.624	2					
A001C0339_20210921223812_0001	B003C0315_20210921223812_0001	6/20/23	KAW		Iasis cylindrica	Linear	1401	0.1948	12			8.705	6.864	5					
A001C0346_20210922220601_0001	B003C0322_20210922220602_0001	6/26/23	KAW		Iasis cylindrica	Linear	517	0.0719	36			7.753	5.053	1					
A001C0346_20210922220601_0001	B003C0322_20210922220602_0001	6/26/23	KAW		Iasis cylindrica	Linear	517	0.0719	36			8.553	4.877	2					
A001C0346_20210922220601_0001	B003C0322_20210922220602_0001	6/26/23	KAW		Iasis cylindrica	Linear	517	0.0719	36			8.496	5.28	36					
A001C0354_20210922222311_0001	B003C0330_20210922222312_0001	6/26/23	KAW		Iasis cylindrica	Linear	1361	0.1892	19			10.264	6.371	1					
A001C0354_20210922222311_0001	B003C0330_20210922222312_0001	6/26/23	KAW		Iasis cylindrica	Linear	61	0.0085	19			9.488	5.005	2					
A001C0354_20210922222311_0001	B003C0330_20210922222312_0001	6/26/23	KAW		Iasis cylindrica	Linear	61	0.0085	19			9.229	5.949	3					
A001C0355_20210922222503_0001	B003C0331_20210922222504_0001	6/26/23	KAW		Iasis cylindrica	Linear	1805	0.2509	77			7.307	4.041	1					
A001C0355_20210922222503_0001	B003C0331_20210922222504_0001	6/26/23	KAW		Iasis cylindrica	Linear	1805	0.2509	77			6.743	3.688	2					
A001C0355_20210922222503_0001	B003C0331_20210922222504_0001	6/26/23	KAW		Iasis cylindrica	Linear	1805	0.2509	77			4.478	2.579	77					
A001C0361_20210922223430_0001	B003C0337_20210922223431_0001	6/26/23	KAW		Iasis cylindrica	Linear	544	0.0756	36			9.789	4.774	1					
A001C0361_20210922223430_0001	B003C0337_20210922223431_0001	6/26/23	KAW		Iasis cylindrica	Linear	544	0.0756	36			10.085	4.469	2					
A001C0361_20210922223430_0001	B003C0337_20210922223431_0001	6/26/23	KAW		Iasis cylindrica	Linear	544	0.0756	36			9.47	6.223	3					
A002C0044_20220421224612_0001_1	B004C0044_20220421224615_0001	6/27/23	KAW		Iasis cylindrica	Linear	470	0.1307	120			6.143	2.546	1					
A002C0044_20220421224612_0001_1	B004C0044_20220421224615_0001	6/27/23	KAW		Iasis cylindrica	Linear	470	0.1307	120			6.03	3.012	2					
A002C0044_20220421224612_0001_1	B004C0044_20220421224615_0001	6/27/23	KAW		Iasis cylindrica	Linear	470	0.1307	120			7.747	2.504	3					
A002C0045_20220421224748_0001	B004C0045_20220421224751_0001	6/27/23	KAW		Iasis cylindrica	Linear	180	0.0501	88			9.587	5.544	13					
A002C0045_20220421224748_0001	B004C0045_20220421224751_0001	6/27/23	KAW		Iasis cylindrica	Linear	180	0.0501	88			10.29	5.7	14					
A002C0045_20220421224748_0001	B004C0045_20220421224751_0001	6/27/23	KAW		Iasis cylindrica	Linear	180	0.0501	88			10.114	5.04	15					
A002C0089_20220422230510_0001	B004C0089_20220422230512_0001	6/27/23	KAW		Iasis cylindrica	Linear	40	0.0111	9			9.326	5.86	1					
A002C0089_20220422230510_0001	B004C0089_20220422230512_0001	6/27/23	KAW		Iasis cylindrica	Linear	40	0.0111	9			10.273	8.308	2					
A002C0089_20220422230510_0001	B004C0089_20220422230512_0001	6/27/23	KAW		Iasis cylindrica	Linear	40	0.0111	9			9.429	5.308	3					
A001C0192_20210710135057_0001	B003C0188_20210710135057_0001	6/29/23	KAW		Iasis cylindrica	Linear	2813	0.3911	3			8.197	3.8	1					
A001C0192_20210710135057_0001	B003C0188_20210710135057_0001	6/29/23	KAW		Iasis cylindrica	Linear	2813	0.3911	3			7.646	3.051	2					
A001C0192_20210710135057_0001	B003C0188_20210710135057_0001	6/29/23	KAW		Iasis cylindrica	Linear	2813	0.3911	3			7.024	2.416	3					
A001C0093_20210708143858_0001	B003C0089_20210708143858_0001	6/29/23	KAW		Iasis cylindrica	Linear	1140	0.317	75			4.011	2.27	1					
A001C0093_20210708143858_0001	B003C0089_20210708143858_0001	6/29/23	KAW		Iasis cylindrica	Linear	1140	0.317	75			3.683	2.053	2					
A001C0093_20210708143858_0001	B003C0089_20210708143858_0001	6/29/23	KAW		Iasis cylindrica	Linear	1140	0.317	75			4.448	2.556	3					
A001C0143_20210709181838_0001_1	B003C0139_20210709181838_0001	6/29/23	KAW		Brooksia rostrata	Bipinnate	50	0.007	11			7.963	4.026	1					
A001C0143_20210709181838_0001_1	B003C0139_20210709181838_0001	6/29/23	KAW		Brooksia rostrata	Bipinnate	50	0.007	11			9.282	4.45	3					
A001C0143_20210709181838_0001_1	B003C0139_20210709181838_0001	6/29/23	KAW		Brooksia rostrata	Bipinnate	50	0.007	11			9.034	4.325	5					
A001C0143_20210709181838_0001_2	B003C0139_20210709181838_0001	6/29/23	KAW		Iasis cylindrica	Linear	2000	0.2781	49			4.399	3.081	49					
A001C0143_20210709181838_0001_2	B003C0139_20210709181838_0001	6/29/23	KAW		Iasis cylindrica	Linear	2000	0.2781	49			4.97	3.646	48					
A001C0143_20210709181838_0001_2	B003C0139_20210709181838_0001	6/29/23	KAW		Iasis cylindrica	Linear	2000	0.2781	49			5.068	3.745	47					
A001C0165_20210709184012_0001	B003C0161_20210709184012_0001	6/29/23	KAW		Iasis cylindrica	Linear	3117	0.4333	89			2.797	1.861	1					
A001C0165_20210709184012_0001	B003C0161_20210709184012_0001	6/29/23	KAW		Iasis cylindrica	Linear	3117	0.4333	89			3.971	2.246	2					
A001C0165_20210709184012_0001	B003C0161_20210709184012_0001	6/29/23	KAW		Iasis cylindrica	Linear	3117	0.4333	89			3.625	2.846	3					
A001C0165_20210709184012_0001	B003C0161_20210709184012_0001	6/29/23	KAW		Iasis cylindrica	Linear	1474	0.2049	24			4.443	2.979	1					
A001C0165_20210709184012_0001	B003C0161_20210709184012_0001	6/29/23	KAW		Iasis cylindrica	Linear	1474	0.2049	24			4.881	3.085	2					
A001C0165_20210709184012_0001	B003C0161_20210709184012_0001	6/29/23	KAW		Iasis cylindrica	Linear	1474	0.2049	24			4.07	3.613	3					
A001C0148_20210709182423_0001	B003C0144_20210709182423_0001	6/29/23	KAW		Iasis cylindrica	Linear	200	0.0278	10			10.877	4.409	1					
A001C0148_20210709182423_0001	B003C0144_20210709182423_0001	6/29/23	KAW		Iasis cylindrica	Linear	200	0.0278	10			8.635	4.781	2					
A001C0148_20210709182423_0001	B003C0144_20210709182423_0001	6/29/23	KAW		Iasis cylindrica	Linear	200	0.0278	10			9.27	4.461	3					
A001C0209_20210710141857_0001	B003C0205_20210710141857_0001	6/30/23	ABP		Cyclosalpa bakeri	Whorl	1693	0.2354	4							144.324			Cluster
A001C0214_20210710142543_0001	B003C0210_20210710142543_0001	6/30/23	ABP		Cyclosalpa bakeri	Whorl	2146	0.2984	6							190.615			
A001C0223_20210917230616_0001	B003C0220_20210917230617_0001	6/30/23	ABP		Brooksia rostrata	Bipinnate	519	0.0722	35							24.462			
A001C0294_20210920202610_0001	B003C0287_20210920202611_0001	7/10/23	ABP		Brooksia rostrata	Bipinnate	2877	0.4	17							95.999			
A001C0294_20210920202610_0001	B003C0287_20210920202611_0001	7/10/23	ABP		Brooksia rostrata	Bipinnate	525	0.073	17							68.725			
A001C0336_20210921222915_0001	B003C0312_20210921222916_0001	7/10/23	ABP		Iasis cylindrica	Linear	3100	0.431	13					1				166.497	
A001C0336_20210921222915_0001	B003C0312_20210921222916_0001	7/10/23	ABP		Iasis cylindrica	Linear	3100	0.431	13					2				165.133	
A001C0336_20210921222915_0001	B003C0312_20210921222916_0001	7/10/23	ABP		Iasis cylindrica	Linear	3100	0.431	13					3				163.105	
A001C0339_20210921223812_0001	B003C0315_20210921223812_0001	7/10/23	ABP		Iasis cylindrica	Linear	1208	0.1679	12					1				170.037	
A001C0339_20210921223812_0001	B003C0315_20210921223812_0001	7/10/23	ABP		Iasis cylindrica	Linear	1208	0.1679	12					2				164.342	
A001C0339_20210921223812_0001	B003C0315_20210921223812_0001	7/10/23	ABP		Iasis cylindrica	Linear	1208	0.1679	12					3				167.24	
A001C0354_20210922222311_0001	B003C0330_20210922222312_0001	7/14	ABP		Iasis cylindrica	Linear	1320	0.1835	19					1			17.994		
A001C0354_20210922222311_0001	B003C0330_20210922222312_0001	7/14	ABP		Iasis cylindrica	Linear	1320	0.1835	19					2			16.337		
A001C0354_20210922222311_0001	B003C0330_20210922222312_0001	7/14	ABP		Iasis cylindrica	Linear	1320	0.1835	19					3			17.14		
A001C0355_20210922222503_0001	B003C0331_20210922222504_0001	7/14	ABP		Iasis cylindrica	Linear	640	0.089						1					
A001C0355_20210922222503_0001	B003C0331_20210922222504_0001	7/14	ABP		Iasis cylindrica	Linear	640	0.089						2					
A001C0355_20210922222503_0001	B003C0331_20210922222504_0001	7/14	ABP		Iasis cylindrica	Linear	640	0.089						3					
A001C0361_20210922223430_0001	B003C0337_20210922223431_0001	7/14	ABP		Iasis cylindrica	Linear			36					1			14.287		
A001C0361_20210922223430_0001	B003C0337_20210922223431_0001	7/14	ABP		Iasis cylindrica	Linear								2			17.399		
A001C0361_20210922223430_0001	B003C0337_20210922223431_0001	7/14	ABP		Iasis cylindrica	Linear								3			26.825		
A002C0020_20220420230151_0001	B004C0020_20220420230154_0001	7/14	ABP		Iasis cylindrica	Linear	120	0.0334						2			19.178		
A002C0020_20220420230151_0001	B004C0020_20220420230154_0001	7/14	ABP		Iasis cylindrica	Linear	120	0.0334						3			15.266		
A002C0020_20220420230151_0001	B004C0020_20220420230154_0001	7/14	ABP		Iasis cylindrica	Linear	120	0.0334						4			17.729		
A001C0357_20210922222753_0001	B003C0333_20210922222754_0001	7/24/23	KAW		Soestia zonaria?	Linear	290	0.0403	7	28.574	28.574	6.499	4.37	1					
A001C0357_20210922222753_0001	B003C0333_20210922222754_0001	7/24/23	KAW		Soestia zonaria?	Linear	290	0.0403	7	28.574	28.574	6.316	3.666	2					
A001C0357_20210922222753_0001	B003C0333_20210922222754_0001	7/24/23	KAW		Soestia zonaria?	Linear	290	0.0403	7	28.574	28.574	8.002	4.171	3					
A002C0045_20220421224748_0001	B004C0045_20220421224751_0001	8/11/23	ABP		Iasis cylindrica	Linear	2445	0.6798						20			29.388		
A002C0045_20220421224748_0001	B004C0045_20220421224751_0001	8/11/23	ABP		Iasis cylindrica	Linear	2445	0.6798						25			24.038		
A002C0045_20220421224748_0001	B004C0045_20220421224751_0001	8/11/23	ABP		Iasis cylindrica	Linear	2445	0.6798						30			36.149		
A001C0093_20210708143858_0001	B003C0089_20210708143858_0001	10/13/23	ABP		Iasis cylindrica	Linear	460	0.1279	75	142.928	142.928						14.222		
A001C0115_20210709170736_0001	B003C0111_20210709170736_0001	10/14/23	ABP		Brooksia rostrata	Bipinnate	2113	0.2938	20	86.16	86.16						10.435		
A001C0143_20210709181838_0001_1	B003C0139_20210709181838_0001	10/16/23	ABP		Brooksia rostrata	Bipinnate	445	0.0619	11	36.31	36.31						27.983		
A001C0143_20210709181838_0001_2	B003C0139_20210709181838_0002	10/16/23	ABP		Iasis cylindrica	Linear	1941	0.2699	49	186.512	186.512								
A001C0148_20210709182423_0001	B003C0144_20210709182423_0001	10/16/23	ABP		Iasis cylindrica	Linear	160	0.0222	10	62.172	62.172								
A001C0165_20210709184012_0001_1	B003C0161_20210709184012_0001	10/16/23	ABP		Iasis cylindrica	Linear	1454	0.2021	24	58.122	58.122								
A001C0165_20210709184012_0001_2	B003C0161_20210709184012_0002	10/16/23	ABP		Iasis cylindrica	Linear	3074	0.4274	89	191.096	191.096								
A001C0192_20210710135057_0001	B003C0188_20210710135057_0001	10/16/23	ABP		Iasis cylindrica	Linear	1802	0.2505	3	27.359	27.359								
A001C0207_20210710141533_0001	B003C0203_20210710141533_0001	10/16/23	ABP		Cyclosalpa bakeri	Whorl	1554	0.216	4		11.422								
A001C0207_20210710141533_0001	B003C0203_20210710141533_0001	10/16/23	ABP		Cyclosalpa bakeri	Whorl	0	0	4	7.024									
A001C0207_20210710141533_0001	B003C0203_20210710141533_0001	10/16/23	ABP		Cyclosalpa bakeri	Whorl	5	0.0007	4			8.44		1					
A001C0207_20210710141533_0001	B003C0203_20210710141533_0001	10/16/23	ABP		Cyclosalpa bakeri	Whorl	5	0.0007	4			8.29		2					
A001C0207_20210710141533_0001	B003C0203_20210710141533_0001	10/16/23	ABP		Cyclosalpa bakeri	Whorl	5	0.0007	4			7.925		3					
A001C0207_20210710141533_0001	B003C0203_20210710141533_0001	10/16/23	ABP		Cyclosalpa bakeri	Whorl	1554	0.216	4				4.664	1					
A001C0207_20210710141533_0001	B003C0203_20210710141533_0001	10/16/23	ABP		Cyclosalpa bakeri	Whorl	1554	0.216	4				4.945	2					
A001C0207_20210710141533_0001	B003C0203_20210710141533_0001	10/16/23	ABP		Cyclosalpa bakeri	Whorl	1554	0.216	4				3.467	3					
A001C0115_20210709170736_0001	B003C0111_20210709170736_0001	10/17/23	ABP		Brooksia rostrata	Bipinnate	2113	0.2938	20			11.964	5.376	1					
A001C0115_20210709170736_0001	B003C0111_20210709170736_0001	10/17/23	ABP		Brooksia rostrata	Bipinnate	2113	0.2938	20			10.62	4.264	3					
A001C0115_20210709170736_0001	B003C0111_20210709170736_0001	10/17/23	ABP		Brooksia rostrata	Bipinnate	2113	0.2938	20			11.605	4.86	5					
A001C0114_20210709170545_0001	B003C0110_20210709170546_0001	10/17/23	ABP		Brooksia rostrata	Bipinnate	422	0.0587	33			6.902	3.4	31					
A001C0114_20210709170545_0001	B003C0110_20210709170546_0001	10/17/23	ABP		Brooksia rostrata	Bipinnate	422	0.0587	33			6.527	3.202	30					
A001C0114_20210709170545_0001	B003C0110_20210709170546_0001	10/17/23	ABP		Brooksia rostrata	Bipinnate	422	0.0587	33			5.268	2.674	29					
A001C0114_20210709170545_0001	B003C0110_20210709170546_0001	10/17/23	ABP		Brooksia rostrata	Bipinnate	481	0.0669	33	119.819	119.819								
A001C0210_20210710142059_0001_1	B003C0206_20210710142059_0001	10/17/23	ABP		Cyclosalpa bakeri	Whorl	0	0	6		6.879								
A001C0210_20210710142059_0001_1	B003C0206_20210710142059_0001	10/17/23	ABP		Cyclosalpa bakeri	Whorl	1000	0.139	6	4.783									
A001C0247_20210918223147_0001_1	B003C0244_20210918223148_0001	10/18/23	ABP		Cyclosalpa sewelli	Cluster	561	0.078	7		42.215								
A001C0247_20210918223147_0001_1	B003C0244_20210918223148_0001	10/18/23	ABP		Cyclosalpa sewelli	Cluster	735	0.1022	7	17.071									
A001C0247_20210918223147_0001_2	B003C0244_20210918223148_0001	10/18/23	ABP		Soestia zonaria	Linear	2193	0.3049	8	118.909	118.909								
A001C0252_20210918223920_0001	B003C0249_20210918223921_0001	10/18/23	ABP		Soestia zonaria	Linear	718	0.0998	8	119.61	119.61								
A001C0262_20210919202019_0001	B003C0255_20210919202020_0001	10/18/23	ABP		Cyclosalpa sewelli	Cluster	612	0.0851	7		54.04								
A001C0262_20210919202019_0001	B003C0255_20210919202020_0001	10/18/23	ABP		Cyclosalpa sewelli	Cluster	453	0.063	7	15.189									
A001C0274_20210919203457_0001	B003C0267_20210919203458_0001	10/18/23	ABP		Cyclosalpa sewelli	Cluster	1893	0.2632	7	18.995	66.552								
A001C0277_20210919221557_0001	B003C0270_20210919221559_0001	10/18/23	ABP		Iasis cylindrica	Linear	101	0.014	120	427.327	427.327								
A001C0279_20210919221855_0001	B003C0272_20210919221857_0001	10/18/23	ABP		Iasis cylindrica	Linear	449	0.0624	12	83.796	83.796								
A001C0320_20210921215927_0001	B003C0296_20210921215927_0001	10/18/23	ABP		Salpa maxima	Linear	2511	0.3491	2	102.969	102.969								
A001C0326_20210921220800_0001	B003C0302_20210921220801_0001	10/18/23	ABP		Cyclosalpa sewelli	Cluster	1270	0.1766	2	25.946	43.57								
A001C0330_20210921221301_0001	B003C0306_20210921221301_0001	10/18/23	ABP		Cyclosalpa bakeri	Whorl	347	0.0482	11	6.118	15.621								
A001C0334_20210921222327_0001	B003C0310_20210921222328_0001	10/18/23	ABP		Salpa aspera	Linear	1900	0.2642	8	144.839	144.839								
A001C0346_20210922220601_0001	B003C0322_20210922220602_0001	10/18/23	ABP		Iasis cylindrica	Linear	793	0.1102	36	190.629	40.024								
A001C0348_20210922220852_0001	B003C0324_20210922220853_0001	10/18/23	ABP		Ritteriella sp.	Bipinnate	120	0.0167	38	483.024	483.024								
A001C0351_20210922221355_0001	B003C0327_20210922221356_0001	10/18/23	ABP		Cyclosalpa sewelli	Cluster	1998	0.2778	4	22.62	50.759								
A001C0352_20210922221526_0001	B003C0328_20210922221527_0001	10/18/23	ABP		Pegea sp.	Transversal	0	0	4		62.847								
A001C0352_20210922221526_0001	B003C0328_20210922221527_0001	10/18/23	ABP		Pegea sp.	Transversal	700	0.0973	4	35.355									
A001C0354_20210922222311_0001	B003C0330_20210922222312_0001	10/18/23	ABP		Iasis cylindrica	Linear	168	0.0234	19	114.723	114.723								
A001C0355_20210922222503_0001	B003C0331_20210922222504_0001	10/18/23	ABP		Iasis cylindrica	Linear	1000	0.139	77	281.056	281.056								
A001C0361_20210922223430_0001	B003C0337_20210922223431_0001	10/18/23	ABP		Iasis cylindrica	Linear	830	0.1154	36	140.539	140.539								
A002C0089_20220422230510_0001	B004C0089_20220422230512_0001	10/19/23	ABP		Iasis cylindrica	Linear	20	0.0056	9	67.776	67.776								
A001C0122_20210709171630_0001	B003C0118_20210709171631_0001	10/19/23	SMB		Iasis cylindrica	Linear	0	0	9	50.879	50.879								
A001C0128_20210709172016_0001	B003C0124_20210709172017_0001	10/19/23	SMB		lasis cylindrica	Linear	20	0.0028	73	163.551	163.551								
A001C0147_20210709182345_0001	B003C0143_20210709182345_0001	10/19/23	SMB		lasis cylindrica	Linear	1341	0.1864	30	82.955	82.955								
A001C0164_20210709183900_0001_1	B003C0160_20210709183900_0001	10/19/23	SMB		lasis cylindrica	Linear	20	0.0028	44	228.814	228.814								
A001C0164_20210709183900_0001_3	B003C0160_20210709183900_0001	10/19/23	SMB		lasis cylindrica	Linear	4438	0.617	134	211.553	211.553								
A001C0166_20210709184051_0001	B003C0162_20210709184051_0001	10/19/23	SMB		lasis cylindrica	Linear	1332	0.1852	94	147.876	147.876								
A001C0167_20210709184129_0001	B003C0163_20210709184129_0001	10/19/23	SMB		lasis cylindrica	Linear	0	0	19	225.126	225.126								
A001C0169_20210709184226_0001	B003C0165_20210709184226_0001	10/19/23	SMB		lasis cylindrica	Linear	261	0.0363	13	107.15	107.15								
A001C0170_20210709184247_0001_1	B003C0166_20210709184247_0001	10/19/23	SMB		lasis cylindrica	Linear	178	0.0247	14	49.399	49.399								
A001C0170_20210709184247_0001_2	B003C0166_20210709184247_0001	10/19/23	SMB		lasis cylindrica	Linear	1270	0.1766	46	110.658	110.658								
A001C0171_20210709184313_0001_2	B003C0167_20210709184313_0001	10/19/23	ABP	153	Iasis cylindrica	Linear	1305	0.1814	153	305.659	305.659								
A001C0171_20210709184313_0001_2	B003C0167_20210709184313_0001	10/19/23	ABP	153	Iasis cylindrica	Linear	1411	0.1962	153			4.387	3.277	1					
A001C0171_20210709184313_0001_2	B003C0167_20210709184313_0001	10/19/23	ABP	153	Iasis cylindrica	Linear	1411	0.1962	153			3.963	2.431	2					
A001C0171_20210709184313_0001_2	B003C0167_20210709184313_0001	10/19/23	ABP	153	Iasis cylindrica	Linear			153			4.269	2.102	3					
A001C0171_20210709184313_0001_3	B003C0167_20210709184313_0001	10/19/23	ABP	72	Iasis cylindrica	Linear	0	0	72	171.305	171.305								
A001C0171_20210709184313_0001_3	B003C0167_20210709184313_0001	10/19/23	ABP	72	Iasis cylindrica	Linear	707	0.0983	72			4.384		1					
A001C0171_20210709184313_0001_3	B003C0167_20210709184313_0001	10/19/23	ABP	72	Iasis cylindrica	Linear	707	0.0983	72			4.149		2					
A001C0171_20210709184313_0001_3	B003C0167_20210709184313_0001	10/19/23	ABP	72	Iasis cylindrica	Linear	707	0.0983	72			4.15		3					
A001C0171_20210709184313_0001_3	B003C0167_20210709184313_0001	10/19/23	ABP	72	Iasis cylindrica	Linear	667	0.0983	72				2.968	1					
A001C0171_20210709184313_0001_3	B003C0167_20210709184313_0001	10/19/23	ABP	72	Iasis cylindrica	Linear	667	0.0983	72				2.305	2					
A001C0171_20210709184313_0001_3	B003C0167_20210709184313_0001	10/19/23	ABP	72	Iasis cylindrica	Linear	667	0.0983	72				2.466	3					
A001C0172_20210709184345_0001_1	B003C0168_20210709184345_0001	10/19/23	ABP	14	Iasis cylindrica	Linear	0	0	14	106.122	106.122								
A001C0172_20210709184345_0001_1	B003C0168_20210709184345_0001	10/19/23	ABP	14	Iasis cylindrica	Linear	0	0	14			12.926	5.286	1					
A001C0172_20210709184345_0001_1	B003C0168_20210709184345_0001	10/19/23	ABP	14	Iasis cylindrica	Linear	0	0	14			11.145	4.979	2					
A001C0172_20210709184345_0001_1	B003C0168_20210709184345_0001	10/19/23	ABP	14	Iasis cylindrica	Linear	0	0	14			12.903	5.855	3					
A001C0172_20210709184345_0001_2	B003C0168_20210709184345_0001	10/19/23	ABP	10	Iasis cylindrica	Linear	1651	0.2295	10	65.42	65.42								
A001C0172_20210709184345_0001_2	B003C0168_20210709184345_0001	10/19/23	ABP	10	Iasis cylindrica	Linear	1651	0.2295	10			8.295	4.276	1					
A001C0172_20210709184345_0001_2	B003C0168_20210709184345_0001	10/19/23	ABP	10	Iasis cylindrica	Linear	1651	0.2295	10			8.593	4.67	2					
A001C0172_20210709184345_0001_2	B003C0168_20210709184345_0001	10/19/23	ABP	10	Iasis cylindrica	Linear	1651	0.2295	10			9.328	3.953	3					
A001C0173_20210709184408_0001	B003C0169_20210709184408_0001	10/19/23	ABP	25	Iasis cylindrica	Linear	598	0.0831	25	154.422	154.422								
A001C0173_20210709184408_0001	B003C0169_20210709184408_0001	10/19/23	ABP	25	Iasis cylindrica	Linear	568	0.079	25			12.964	6.301	1					
A001C0173_20210709184408_0001	B003C0169_20210709184408_0001	10/19/23	ABP	25	Iasis cylindrica	Linear	568	0.079	25			7.203	6.949	2					
A001C0173_20210709184408_0001	B003C0169_20210709184408_0001	10/19/23	ABP	25	Iasis cylindrica	Linear	568	0.079	25			9.449	5.713	3					
A001C0178_20210709184853_0001	B003C0174_20210709184853_0001	10/19/23	ABP	47	Iasis cylindrica	Linear	1067	0.1483	47	264.595	264.595								
A001C0178_20210709184853_0001	B003C0174_20210709184853_0001	10/19/23	ABP		Iasis cylindrica	Linear	1382	0.1921	47			11.129	3.892	47					
A001C0178_20210709184853_0001	B003C0174_20210709184853_0001	10/19/23	ABP		Iasis cylindrica	Linear	1382	0.1921	47			8.556	3.565	46					
A001C0178_20210709184853_0001	B003C0174_20210709184853_0001	10/19/23	ABP		Iasis cylindrica	Linear	1382	0.1921	47			9.952	3.767	45					
A001C0179_20210709184957_0001	B003C0175_20210709184957_0001	10/19/23	ABP	11	Iasis cylindrica	Linear	5532	0.7691	11	74.54	74.54								
A001C0179_20210709184957_0001	B003C0175_20210709184957_0001	10/19/23	ABP	38	Iasis cylindrica	Linear	5532	0.7691	11			12.45	5.628	11					
A001C0179_20210709184957_0001	B003C0175_20210709184957_0001	10/19/23	ABP		Iasis cylindrica	Linear	5532	0.7691	11			10.541	5.719	10					
A001C0179_20210709184957_0001	B003C0175_20210709184957_0001	10/19/23	ABP		Iasis cylindrica	Linear	5532	0.7691	11			9.727	6.283	9					
A001C0189_20210710130016_0001	B003C0185_20210710130016_0001	10/19/23	ABP		Iasis cylindrica	Linear	1280	0.178	38	122.635	122.635								
A001C0189_20210710130016_0001	B003C0185_20210710130016_0001	10/19/23	ABP		Iasis cylindrica	Linear	1162	0.1615	38			5.165	2.366	1					
A001C0189_20210710130016_0001	B003C0185_20210710130016_0001	10/19/23	ABP		Iasis cylindrica	Linear	1162	0.1615	38			4.881	2.647	2					
A001C0189_20210710130016_0001	B003C0185_20210710130016_0001	10/19/23	ABP		Iasis cylindrica	Linear	1162	0.1615	38			5.202	2.344	3					
A002C0018_20220420225725_0001	B004C0018_20220420225728_0001	10/19/23	ABP		Ritteriella amboinensis	Bipinnate	194	0.0539	10	158.799	158.799								
A002C0018_20220420225725_0001	B004C0018_20220420225728_0001	10/19/23	ABP		Ritteriella amboinensis	Bipinnate	194	0.0539	10			22.403	11.767	1					
A002C0018_20220420225725_0001	B004C0018_20220420225728_0001	10/19/23	ABP		Ritteriella amboinensis	Bipinnate	194	0.0539	10			19.75	10.747	2					
A002C0018_20220420225725_0001	B004C0018_20220420225728_0001	10/19/23	ABP		Ritteriella amboinensis	Bipinnate	194	0.0539	10			24.121	11.49	3					
A002C0019_20220420225823_0001	B004C0019_20220420225825_0001	10/19/23	ABP		Salpa maxima	Linear	2161	0.6009	2	136.037	136.037								
A002C0019_20220420225823_0001	B004C0019_20220420225825_0001	10/19/23	ABP		Salpa maxima	Linear	2161	0.6009	2			68.311	34.78	1					
A002C0019_20220420225823_0001	B004C0019_20220420225825_0001	10/19/23	ABP		Salpa maxima	Linear	2161	0.6009	2			78.716	35.24	2					
A002C0020_20220420230151_0001	B004C0020_20220420230154_0001	10/19/23	ABP		Iasis cylindrica	Linear	382	0.1062	32	168.073	168.073								
A002C0020_20220420230151_0001	B004C0020_20220420230154_0001	10/19/23	ABP		Iasis cylindrica	Linear	382	0.1062	32			10.352	6.234	1					
A002C0020_20220420230151_0001	B004C0020_20220420230154_0001	10/19/23	ABP		Iasis cylindrica	Linear	382	0.1062	32			10.142	6.844	2					
A002C0020_20220420230151_0001	B004C0020_20220420230154_0001	10/19/23	ABP		Iasis cylindrica	Linear	382	0.1062	32			9.095	7.656	3					
A002C0035_20220421223821_0001	B004C0035_20220421223824_0001	10/19/23	ABP		Metcalfina hexagona	Linear	1167	0.3245	22	317.453	317.453								
A002C0035_20220421223821_0001	B004C0035_20220421223824_0001	10/19/23	ABP		Metcalfina hexagona	Linear	492	0.1368	22			30.057	12.198	1					
A002C0035_20220421223821_0001	B004C0035_20220421223824_0001	10/19/23	ABP		Metcalfina hexagona	Linear	492	0.1368	22			28.386	9.71	2					
A002C0035_20220421223821_0001	B004C0035_20220421223824_0001	10/19/23	ABP		Metcalfina hexagona	Linear	492	0.1368	22			28.466	12.86	3					
A002C0042_20220421224445_0001	B004C0042_20220421224448_0001	10/19/23	ABP		Salpa aspera	Linear	410	0.114	7	144.465	144.465								
A002C0042_20220421224445_0001	B004C0042_20220421224448_0001	10/19/23	ABP		Salpa aspera	Linear	410	0.114	7			24.502	18.494	1					
A002C0042_20220421224445_0001	B004C0042_20220421224448_0001	10/19/23	ABP		Salpa aspera	Linear	410	0.114	7			35.561	20.081	2					
A002C0042_20220421224445_0001	B004C0042_20220421224448_0001	10/19/23	ABP		Salpa aspera	Linear	410	0.114	7			24.012	17.508	3					
A002C0053_20220421225858_0001	B004C0053_20220421225901_0001	10/19/23	ABP		Salpa aspera	Linear	528	0.1468	29	231.723	231.723								
A002C0053_20220421225858_0001	B004C0053_20220421225901_0001	10/19/23	ABP		Salpa aspera	Linear	528	0.1468	29			19.568	11	1					
A002C0053_20220421225858_0001	B004C0053_20220421225901_0001	10/19/23	ABP		Salpa aspera	Linear	528	0.1468	29			18.81	7.075	2					
A002C0053_20220421225858_0001	B004C0053_20220421225901_0001	10/19/23	ABP		Salpa aspera	Linear	528	0.1468	29			19.778	7.66	3					
A002C0059_20220421230521_0001	B004C0059_20220421230524_0001	10/19/23	ABP		Salpa fusiformis	Linear	561	0.156	21	234.447	234.447								
A002C0059_20220421230521_0001	B004C0059_20220421230524_0001	10/19/23	ABP		Salpa fusiformis	Linear	561	0.156	21			18.078	7.499	1					
A002C0059_20220421230521_0001	B004C0059_20220421230524_0001	10/19/23	ABP		Salpa fusiformis	Linear	561	0.156	21			16.938	7.307	2					
A002C0059_20220421230521_0001	B004C0059_20220421230524_0001	10/19/23	ABP		Salpa fusiformis	Linear	561	0.156	21			16.531	7.69	3					
A002C0062_20220421231037_0001	B004C0062_20220421231040_0001	10/19/23	ABP		Salpa aspera	Linear	50	0.0139	2	73.23	73.23								
A002C0062_20220421231037_0001	B004C0062_20220421231040_0001	10/19/23	ABP		Salpa aspera	Linear	50	0.0139	2			41.084	15.521	1					
A002C0062_20220421231037_0001	B004C0062_20220421231040_0001	10/19/23	ABP		Salpa aspera	Linear	50	0.0139	2			39.584	13.436	2					
A002C0071_20220422223546_0001	B004C0071_20220422223548_0001	10/19/23	ABP		Metcalfina hexagona	Linear	0	0	9	136.987	136.987								
A002C0071_20220422223546_0001	B004C0071_20220422223548_0001	10/19/23	ABP		Metcalfina hexagona	Linear	0	0	9			28.887	17.127	1					
A002C0071_20220422223546_0001	B004C0071_20220422223548_0001	10/19/23	ABP		Metcalfina hexagona	Linear	0	0	9			27.445	26.48	2					
A002C0071_20220422223546_0001	B004C0071_20220422223548_0001	10/19/23	ABP		Metcalfina hexagona	Linear	0	0	9			33.464	19.496	3					
A002C0072_20220422223646_0001	B004C0072_20220422223649_0001	10/19/23	ABP		Salpa fusiformis	Linear	615	0.171	17	183.42	183.42								
A002C0072_20220422223646_0001	B004C0072_20220422223649_0001	10/19/23	ABP		Salpa fusiformis	Linear	615	0.171	17			27.564	14.766	1					
A002C0072_20220422223646_0001	B004C0072_20220422223649_0001	10/19/23	ABP		Salpa fusiformis	Linear	615	0.171	17			21.689	14.035	2					
A002C0072_20220422223646_0001	B004C0072_20220422223649_0001	10/19/23	ABP		Salpa fusiformis	Linear	615	0.171	17			22.918	13.332	3					
A002C0075_20220422224136_0001_1	B004C0075_20220422224138_0001	10/19/23	ABP		Metcalfina hexagona	Linear	506	0.1407	23	340.3	340.3								
A002C0075_20220422224136_0001_1	B004C0075_20220422224138_0001	10/19/23	ABP		Metcalfina hexagona	Linear	506	0.1407	23			28.519	12.844	1					
A002C0075_20220422224136_0001_1	B004C0075_20220422224138_0001	10/19/23	ABP		Metcalfina hexagona	Linear	506	0.1407	23			30.268	15.703	2					
A002C0075_20220422224136_0001_1	B004C0075_20220422224138_0001	10/19/23	ABP		Metcalfina hexagona	Linear	506	0.1407	23			28.049	13.801	3					
A002C0075_20220422224136_0001_2	B004C0075_20220422224138_0002	10/19/23	ABP		Metcalfina hexagona	Linear	0	0	23	261.295	261.295								
A002C0075_20220422224136_0001_2	B004C0075_20220422224138_0002	10/19/23	ABP		Metcalfina hexagona	Linear	0	0	23			26.693	14.766	1					
A002C0075_20220422224136_0001_2	B004C0075_20220422224138_0002	10/19/23	ABP		Metcalfina hexagona	Linear	0	0	23			24.63	14.284	2					
A002C0075_20220422224136_0001_2	B004C0075_20220422224138_0002	10/19/23	ABP		Metcalfina hexagona	Linear	0	0	23			25.657	16.349	3					
A002C0076_20220422224245_0001	B004C0076_20220422224248_0001	10/19/23	ABP		Metcalfina hexagona	Linear	0	0	23	330.277	330.277								
A002C0076_20220422224245_0001	B004C0076_20220422224248_0001	10/19/23	ABP		Metcalfina hexagona	Linear	0	0	23			30.239	17.388	1					
A002C0076_20220422224245_0001	B004C0076_20220422224248_0001	10/19/23	ABP		Metcalfina hexagona	Linear	0	0	23			26.848	16.161	2					
A002C0076_20220422224245_0001	B004C0076_20220422224248_0001	10/19/23	ABP		Metcalfina hexagona	Linear	0	0	23			37.968	13.75	3					
A002C0078_20220422224659_0001	B004C0078_20220422224702_0001	10/20/23	ABP		Iasis cylindrica (yellowtail)	Linear	91	0.0253	60	211.79	211.79								
A002C0078_20220422224659_0001	B004C0078_20220422224702_0001	10/20/23	ABP		Iasis cylindrica (yellowtail)	Linear	1831	0.5091	60			7.767	4.856	1					
A002C0078_20220422224659_0001	B004C0078_20220422224702_0001	10/20/23	ABP		Iasis cylindrica (yellowtail)	Linear	1831	0.5091	60			6.706	4.215	3					
A002C0078_20220422224659_0001	B004C0078_20220422224702_0001	10/20/23	ABP		Iasis cylindrica (yellowtail)	Linear	1831	0.5091	60			6.499	4.209	4					
A002C0080_20220422224908_0001	B004C0080_20220422224910_0001	10/20/23	ABP		Salpa aspera	Linear	379	0.1054	6	88.085	88.085								
A002C0080_20220422224908_0001	B004C0080_20220422224910_0001	10/20/23	ABP		Salpa aspera	Linear	379	0.1054	6			28.543	10.405	1					
A002C0080_20220422224908_0001	B004C0080_20220422224910_0001	10/20/23	ABP		Salpa aspera	Linear	379	0.1054	6			22.171	11.113	2					
A002C0080_20220422224908_0001	B004C0080_20220422224910_0001	10/20/23	ABP		Salpa aspera	Linear	379	0.1054	6			23.963	10.837	4					
A002C0081_20220422224921_0001	B004C0081_20220422224924_0001	10/20/23	ABP		Salpa aspera	Linear	263	0.0731	6	88.724	88.724								
A002C0081_20220422224921_0001	B004C0081_20220422224924_0001	10/20/23	ABP		Salpa aspera	Linear	263	0.0731	6			26.068	8.932	1					
A002C0081_20220422224921_0001	B004C0081_20220422224924_0001	10/20/23	ABP		Salpa aspera	Linear	263	0.0731	6			24.814	9.303	2					
A002C0081_20220422224921_0001	B004C0081_20220422224924_0001	10/20/23	ABP		Salpa aspera	Linear	263	0.0731	6			22.923	10.337	3					
A002C0095_20220422231109_0001	B004C0095_20220422231111_0001	10/20/23	ABP		Salpa fusiformis	Linear	178	0.0495	4	74.696	74.696								
A002C0095_20220422231109_0001	B004C0095_20220422231111_0001	10/20/23	ABP		Salpa fusiformis	Linear	178	0.0495	4			24.133	10.177	1					
A002C0095_20220422231109_0001	B004C0095_20220422231111_0001	10/20/23	ABP		Salpa fusiformis	Linear	178	0.0495	4			18.47	12.845	2					
A002C0095_20220422231109_0001	B004C0095_20220422231111_0001	10/20/23	ABP		Salpa fusiformis	Linear	178	0.0495	4			16.519	9.507	3					
A002C0044_20220421224612_0001_2	B004C0044_20220421224615_0002	10/20/23	ABP		Iasis cylindrica	Linear	3598	1.0004	17	109.926	109.926								
A002C0044_20220421224612_0001_2	B004C0044_20220421224615_0002	10/20/23	ABP		Iasis cylindrica	Linear	3598	1.0004	17			12.401	5.106						
A002C0044_20220421224612_0001_2	B004C0044_20220421224615_0002	10/20/23	ABP		Iasis cylindrica	Linear	3598	1.0004	17			10.83	5.605						
A002C0044_20220421224612_0001_2	B004C0044_20220421224615_0002	10/20/23	ABP		Iasis cylindrica	Linear	3598	1.0004	17			12.174	5.464						
A001C0357_20210922222753_0001	B003C0333_20210922222754_0001	10/20/23	ABP		Soestia zonaria?	Linear	507	0.0705	7	36.395	36.395								
A001C0357_20210922222753_0001	B003C0333_20210922222754_0001	10/20/23	ABP		Soestia zonaria?	Linear	507	0.0705	7			7.518	3.671	1					
A001C0357_20210922222753_0001	B003C0333_20210922222754_0001	10/20/23	ABP		Soestia zonaria?	Linear	507	0.0705	7			7.485	4.069	3					
A001C0357_20210922222753_0001	B003C0333_20210922222754_0001	10/20/23	ABP		Soestia zonaria?	Linear	507	0.0705	7			7.595	4.787	2					
A001C0358_20210922222944_0001	B003C0334_20210922222945_0001	10/20/23	ABP		Cyclosalpa sewelli	Cluster	0	0	10	11.71	59.197								
A001C0358_20210922222944_0001	B003C0334_20210922222945_0001	10/20/23	ABP		Cyclosalpa sewelli	Cluster	0	0	10			15.668	10.298						
A001C0358_20210922222944_0001	B003C0334_20210922222945_0001	10/20/23	ABP		Cyclosalpa sewelli	Cluster	0	0	10			14.516	10.461						
A001C0358_20210922222944_0001	B003C0334_20210922222945_0001	10/20/23	ABP		Cyclosalpa sewelli	Cluster	0	0	10			11.081	10.784						
A001C0353_20210922221657_0001	B003C0329_20210922221658_0001	10/20/23	ABP		Metcalfina hexagona?	Linear	888	0.1235	7	63.74	63.74								
A001C0353_20210922221657_0001	B003C0329_20210922221658_0001	10/20/23	ABP		Metcalfina hexagona?	Linear	888	0.1235	7			10.879	6.975						
A001C0353_20210922221657_0001	B003C0329_20210922221658_0001	10/20/23	ABP		Metcalfina hexagona?	Linear	888	0.1235	7			10.739	7.542						
A001C0353_20210922221657_0001	B003C0329_20210922221658_0001	10/20/23	ABP		Metcalfina hexagona?	Linear	888	0.1235	7			11.971	7.443						
A001C0350_20210922221154_0001	B003C0326_20210922221155_0001	10/20/23	ABP		Salpa fusiformis	Linear	1984	0.2758	16	194.652	194.652								
A001C0350_20210922221154_0001	B003C0326_20210922221155_0001	10/20/23	ABP		Salpa fusiformis	Linear	1984	0.2758	16			21.126	7.991						
A001C0350_20210922221154_0001	B003C0326_20210922221155_0001	10/20/23	ABP		Salpa fusiformis	Linear	1984	0.2758	16			14.465	8.673						
A001C0350_20210922221154_0001	B003C0326_20210922221155_0001	10/20/23	ABP		Salpa fusiformis	Linear	1984	0.2758	16			14.496	7.199						
A001C0341_20210921224426_0001	B003C0317_20210921224427_0001	10/20/23	ABP		Pegea sp.	Transversal	3246	0.4513	20	200.631	200.631								
A001C0341_20210921224426_0001	B003C0317_20210921224427_0001	10/20/23	ABP		Pegea sp.	Transversal	3246	0.4513	20			28.485	15.746						
A001C0341_20210921224426_0001	B003C0317_20210921224427_0001	10/20/23	ABP		Pegea sp.	Transversal	3246	0.4513	20			24.49	15.305						
A001C0341_20210921224426_0001	B003C0317_20210921224427_0001	10/20/23	ABP		Pegea sp.	Transversal	3246	0.4513	20			22.998	13.111						
A001C0335_20210921222656_0001	B003C0311_20210921222657_0001	10/20/23	ABP		Salpa aspera	Linear	1659	0.2306	8	145.604	145.604								
A001C0335_20210921222656_0001	B003C0311_20210921222657_0001	10/20/23	ABP		Salpa aspera	Linear	1659	0.2306	8			30.132	15.661						
A001C0335_20210921222656_0001	B003C0311_20210921222657_0001	10/20/23	ABP		Salpa aspera	Linear	1659	0.2306	8			28.943	14.423						
A001C0335_20210921222656_0001	B003C0311_20210921222657_0001	10/20/23	ABP		Salpa aspera	Linear	1659	0.2306	8			24.043	13.888						
A001C0331_20210921221849_0001	B003C0307_20210921221850_0001	10/20/23	ABP		Ritteriella amboinensis	Bipinnate	4967	0.6905	19	198.641	198.641								
A001C0331_20210921221849_0001	B003C0307_20210921221850_0001	10/20/23	ABP		Ritteriella amboinensis	Bipinnate	4967	0.6905	19			21.485	12.129						
A001C0331_20210921221849_0001	B003C0307_20210921221850_0001	10/20/23	ABP		Ritteriella amboinensis	Bipinnate	4967	0.6905	19			20.58	10.234						
A001C0331_20210921221849_0001	B003C0307_20210921221850_0001	10/20/23	ABP		Ritteriella amboinensis	Bipinnate	4967	0.6905	19			20.161	11.469						
A001C0332_20210921222049_0001_1	B003C0308_20210921222050_0001	10/20/23	ABP		Ritteriella amboinensis	Bipinnate	4114	0.572	19	190.65	190.65								
A001C0332_20210921222049_0001_1	B003C0308_20210921222050_0001	10/20/23	ABP		Ritteriella amboinensis	Bipinnate	4114	0.572	19			20.047	13.747						
A001C0332_20210921222049_0001_1	B003C0308_20210921222050_0001	10/20/23	ABP		Ritteriella amboinensis	Bipinnate	4114	0.572	19			19.621	11.562						
A001C0332_20210921222049_0001_1	B003C0308_20210921222050_0001	10/20/23	ABP		Ritteriella amboinensis	Bipinnate	4114	0.572	19			16.115	12.836						
A001C0333_20210921222157_0001	B003C0309_20210921222157_0001	10/20/23	ABP		Ritteriella amboinensis	Bipinnate	200	0.0278	20	184.057	184.057								
A001C0333_20210921222157_0001	B003C0309_20210921222157_0001	10/20/23	ABP		Ritteriella amboinensis	Bipinnate	200	0.0278	20			20.654	11.498						
A001C0333_20210921222157_0001	B003C0309_20210921222157_0001	10/20/23	ABP		Ritteriella amboinensis	Bipinnate	200	0.0278	20			20.567	11.386						
A001C0333_20210921222157_0001	B003C0309_20210921222157_0001	10/20/23	ABP		Ritteriella amboinensis	Bipinnate	200	0.0278	20			21.498	11.1						
A001C0283_20210919222440_0001	B003C0276_20210919222441_0001	10/20/23	ABP		Cyclosalpa sewelli	Cluster	421	0.0585	6	12.542	35.084								
A001C0283_20210919222440_0001	B003C0276_20210919222441_0001	10/20/23	ABP		Cyclosalpa sewelli	Cluster	421	0.0585	6			9.458	5.528						
A001C0283_20210919222440_0001	B003C0276_20210919222441_0001	10/20/23	ABP		Cyclosalpa sewelli	Cluster	421	0.0585	6			9.656	4.893						
A001C0283_20210919222440_0001	B003C0276_20210919222441_0001	10/20/23	ABP		Cyclosalpa sewelli	Cluster	421	0.0585	6			8.954	3.885						
A001C0284_20210919222752_0001	B003C0277_20210919222753_0001	10/20/23	ABP		Ritteriella amboinensis	Bipinnate	1851	0.2573	47	372.201	372.201								
A001C0284_20210919222752_0001	B003C0277_20210919222753_0001	10/20/23	ABP		Ritteriella amboinensis	Bipinnate	2640	0.367	47			13.449	7.488						
A001C0284_20210919222752_0001	B003C0277_20210919222753_0001	10/20/23	ABP		Ritteriella amboinensis	Bipinnate	2640	0.367	47			13.318	7.052						
A001C0284_20210919222752_0001	B003C0277_20210919222753_0001	10/20/23	ABP		Ritteriella amboinensis	Bipinnate	2640	0.367	47			11.715	7.763						
A001C0288_20210919223646_0001	B003C0281_20210919223647_0001	10/20/23	ABP		Ritteriella amboinensis	Bipinnate	1131	0.1572	6	72.396	72.396								
A001C0288_20210919223646_0001	B003C0281_20210919223647_0001	10/20/23	ABP		Ritteriella amboinensis	Bipinnate	1131	0.1572	6			13.729	6.186						
A001C0288_20210919223646_0001	B003C0281_20210919223647_0001	10/20/23	ABP		Ritteriella amboinensis	Bipinnate	1131	0.1572	6			15.679	6.591						
A001C0288_20210919223646_0001	B003C0281_20210919223647_0001	10/20/23	ABP		Ritteriella amboinensis	Bipinnate	1131	0.1572	6			15.598	6.295						
A001C0294_20210920202610_0001	A001C0294_20210920202610_0001	10/20/23	ABP		Brooksia rostrata	Bipinnate	959	0.1333	17	64.392	64.392								
A001C0294_20210920202610_0001	A001C0294_20210920202610_0001	10/20/23	ABP		Brooksia rostrata	Bipinnate	959	0.1333	17			10.592	4.322						
A001C0294_20210920202610_0001	A001C0294_20210920202610_0001	10/20/23	ABP		Brooksia rostrata	Bipinnate	959	0.1333	17			8.978	6.756						
A001C0294_20210920202610_0001	A001C0294_20210920202610_0001	10/20/23	ABP		Brooksia rostrata	Bipinnate	959	0.1333	17			9.077	3.904						
A001C0211_20210710142218_0001	B003C0207_20210710142218_0001	10/20/23	ABP		Cyclosalpa bakeri	Whorl	0	0	6	4.297	7.657								
A001C0211_20210710142218_0001	B003C0207_20210710142218_0001	10/20/23	ABP		Cyclosalpa bakeri	Whorl	0	0	6			4.297	2.552						
A001C0211_20210710142218_0001	B003C0207_20210710142218_0001	10/20/23	ABP		Cyclosalpa bakeri	Whorl	0	0	6			4.351	2.552						
A001C0211_20210710142218_0001	B003C0207_20210710142218_0001	10/20/23	ABP		Cyclosalpa bakeri	Whorl	0	0	6			4.138	2.552						
A001C0214_20210710142543_0001	B003C0210_20210710142543_0001	10/20/23	ABP		Cyclosalpa bakeri	Whorl	2144	0.2981	6	10.659	11.439								
A001C0214_20210710142543_0001	B003C0210_20210710142543_0001	10/20/23	ABP		Cyclosalpa bakeri	Whorl	2144	0.2981	6			10.659	4.358						
A001C0214_20210710142543_0001	B003C0210_20210710142543_0001	10/20/23	ABP		Cyclosalpa bakeri	Whorl	2144	0.2981	6			7.957	3.956						
A001C0214_20210710142543_0001	B003C0210_20210710142543_0001	10/20/23	ABP		Cyclosalpa bakeri	Whorl	2144	0.2981	6			6.541	4.45						
SLCaggsDye3_55(good).mp4	NA	11/3/23	SMB		lasis cylindrica	Linear	381	0.1333	many							12.633			
Brost aggs 6_42.mp4	NA	11/3/23	SMB		Brooksia rostrata	Bipinnate	225	0.0833	many							12.574			
Ritteriella amboinensis Aggs26_40.mp4	NA	11/3/23	SMB		Ritteriella amboinensis	Bipinnate	400	0.1333	many							141.98			
CsewAggDye19_50.mp4	NA	11/15/23	SMB		Cyclosalpa sewelli	Cluster		0.1666	11							1099.286			
CsewAggs8_51.mp4	NA	11/3/23	SMB		Cyclosalpa sewelli	Cluster	19	0	7							679.089			
CsewAggDye24_25.mp4	NA	11/15/23	SMB		Cyclosalpa sewelli	Cluster		0.0666	3							758.485			
Ritteriella amboinensis Aggs26_40.mp4	NA	11/15/23	SMB		Ritteriella amboinensis	Bipinnate		0.0666									16.085		
Ritteriella amboinensis Aggs26_40.mp4	NA	11/15/23	SMB		Ritteriella amboinensis	Bipinnate		0.0833									14.029		
Ritteriella amboinensis Aggs26_40.mp4	NA	11/15/23	SMB		Ritteriella amboinensis	Bipinnate		0.12									14.113		
CsewAggDye19_50.mp4	NA	11/15/23	SMB		Cyclosalpa sewelli	Cluster		0.05	11								15.394		
CsewAggDye19_50.mp4	NA	11/15/23	SMB		Cyclosalpa sewelli	Cluster		0.06	11								17.998		
CsewAggDye19_50.mp4	NA	11/15/23	SMB		Cyclosalpa sewelli	Cluster		0.0833	11								10.454		
CsewAgg24_29.mp4	NA	11/16/23	SMB		Cyclosalpa sewelli	Cluster	56										16.219		
CsewAgg24_29.mp4	NA	11/16/23	SMB		Cyclosalpa sewelli	Cluster	104										20.803		
CsewAgg24_29.mp4	NA	11/16/23	SMB		Cyclosalpa sewelli	Cluster	156										21.866		
c. sew agg dye 7_18.mp4	NA	11/16/23	SMB		Cyclosalpa sewelli	Cluster	217										12.677		
c. sew agg dye 7_18.mp4	NA	11/16/23	SMB		Cyclosalpa sewelli	Cluster	127										9.226		
c. sew agg dye 7_18.mp4	NA	11/16/23	SMB		Cyclosalpa sewelli	Cluster	314										24.649		
CsewAggDye24_25.mp4	NA	11/16/23	SMB		Cyclosalpa sewelli	Cluster	30										14.301		
CsewAggDye24_25.mp4	NA	11/16/23	SMB		Cyclosalpa sewelli	Cluster	54										8.221		
CsewAggDye24_25.mp4	NA	11/16/23	SMB		Cyclosalpa sewelli	Cluster	111										10.668		
pco agg 24_37.mp4	NA	11/16/23	SMB		Pegea confoederata	Transversal	199										6.066		
pco agg 24_37.mp4	NA	11/16/23	SMB		Pegea confoederata	Transversal	244										4.236		
pco agg 24_37.mp4	NA	11/16/23	SMB		Pegea confoederata	Transversal	301										10.942		
PCO aggs dye.mp4	NA	11/16/23	SMB		Pegea confoederata	Transversal	125										18.077		
PCO aggs dye.mp4	NA	11/16/23	SMB		Pegea confoederata	Transversal	137										16.711		
PCO aggs dye.mp4	NA	11/16/23	SMB		Pegea confoederata	Transversal	156										9.334		
Brost aggs 6_42.mp4	NA	11/16/23	SMB		Brooksia rostrata	Bipinnate	170										15.039		
Brost aggs 6_42.mp4	NA	11/16/23	SMB		Brooksia rostrata	Bipinnate	182										12.62		
Brost aggs 6_42.mp4	NA	11/16/23	SMB		Brooksia rostrata	Bipinnate	313										15.858		
SLCaggsDye4_07.mp4	NA	11/16/23	SMB		Iasis cylindrica	Linear	66							1			12.858		
SLCaggsDye4_07.mp4	NA	11/16/23	SMB		Iasis cylindrica	Linear	74							1			14.806		
SLCaggsDye4_07.mp4	NA	11/16/23	SMB		Iasis cylindrica	Linear	70							2			15.988		
SLC aggs dye 7_45.mp4	NA	11/16/23	SMB		Iasis cylindrica	Linear	187							3			13.449		
SLC aggs dye 7_45.mp4	NA	11/16/23	SMB		Iasis cylindrica	Linear	197							3			15.779		
SLC aggs dye 7_45.mp4	NA	11/16/23	SMB		Iasis cylindrica	Linear	215							6			17.853		
SLCaggsDye4_07.mp4	NA	11/17/23	SMB		Iasis cylindrica	Linear	0	0								12.101			
C0123_b	NA	12/27/23	ABP		Thalia sp.	Oblique	254		29	58.584	58.584								
C0123_b	NA	12/27/23	ABP		Thalia sp.	Oblique	1048		29			3.508		8					
C0123_b	NA	12/27/23	ABP		Thalia sp.	Oblique	1048		29			3.818		10					
C0123_b	NA	12/27/23	ABP		Thalia sp.	Oblique	1048		29			3.764		12					
C0123_b	NA	12/27/23	ABP		Thalia sp.	Oblique	1048		29				2.281	8					
C0123_b	NA	12/27/23	ABP		Thalia sp.	Oblique	1048		29				2.351	10					
C0123_b	NA	12/27/23	ABP		Thalia sp.	Oblique	1048		29				2.629	12					
C0123_b	NA	12/27/23	ABP		Thalia sp.	Oblique	849		29							13.433			
CPOaggDye53_30	NA	12/28/23	ABP	Cyclosalpa quadriluminis	Cyclosalpa polae	Whorl	388									674.026			
CPOaggDye53_30	NA	12/28/23	ABP	Cyclosalpa quadriluminis	Cyclosalpa polae	Whorl	458					8.967							
CPOaggDye53_30	NA	12/28/23	ABP	Cyclosalpa quadriluminis	Cyclosalpa polae	Whorl	458					10.353							
CPOaggDye53_30	NA	12/28/23	ABP	Cyclosalpa quadriluminis	Cyclosalpa polae	Whorl	458					8.4							
CPOaggDye53_30	NA	12/28/23	ABP	Cyclosalpa quadriluminis	Cyclosalpa polae	Whorl	458						4.057						
CPOaggDye53_30	NA	12/28/23	ABP	Cyclosalpa quadriluminis	Cyclosalpa polae	Whorl	458						4.755						
CPOaggDye53_30	NA	12/28/23	ABP	Cyclosalpa quadriluminis	Cyclosalpa polae	Whorl	458						4.484						
CPOaggDye53_30	NA	12/28/23	ABP	Cyclosalpa quadriluminis	Cyclosalpa polae	Whorl	287			12.402									
CPOaggDye53_30	NA	12/28/23	ABP	Cyclosalpa quadriluminis	Cyclosalpa polae	Whorl	388				27.414								
C0070	NA	1/10/24	ABP		Cyclosalpa quadrilamus	Whorl													
Brost aggs 6_42.mp4	NA	1/10/24	ABP	Ritteriella amboinensis	Ritteriella amboinensis	Bipinnate	364		45			7.605		13					
Brost aggs 6_42.mp4	NA	1/10/24	ABP	Ritteriella amboinensis	Ritteriella amboinensis	Bipinnate	364		45			7.539		15					
Brost aggs 6_42.mp4	NA	1/10/24	ABP	Ritteriella amboinensis	Ritteriella amboinensis	Bipinnate	364		45			7.123		17					
Brost aggs 6_42.mp4	NA	1/10/24	ABP	Ritteriella amboinensis	Ritteriella amboinensis	Bipinnate	364		45				5.602	13					
Brost aggs 6_42.mp4	NA	1/10/24	ABP	Ritteriella amboinensis	Ritteriella amboinensis	Bipinnate	364		45				5.071	15					
Brost aggs 6_42.mp4	NA	1/10/24	ABP	Ritteriella amboinensis	Ritteriella amboinensis	Bipinnate	364		45				5.023	17					
Brost aggs 6_42.mp4	NA	1/10/24	ABP	Ritteriella amboinensis	Ritteriella amboinensis	Bipinnate	40		45	164.018	164.018								
Ritteriella amboinensis Aggs26_40.mp4	NA	1/10/24	ABP	Bipinnate	Ritteriella amboinensis	Bipinnate	157		15			24.534		6					
Ritteriella amboinensis Aggs26_40.mp4	NA	1/10/24	ABP	Bipinnate	Ritteriella amboinensis	Bipinnate	157		15			28.22		7					
Ritteriella amboinensis Aggs26_40.mp4	NA	1/10/24	ABP	Bipinnate	Ritteriella amboinensis	Bipinnate	157		15			31.071		8					
Ritteriella amboinensis Aggs26_40.mp4	NA	1/10/24	ABP	Bipinnate	Ritteriella amboinensis	Bipinnate	157		15				20.093	6					
Ritteriella amboinensis Aggs26_40.mp4	NA	1/10/24	ABP	Bipinnate	Ritteriella amboinensis	Bipinnate	157		15				21.31	7					
Ritteriella amboinensis Aggs26_40.mp4	NA	1/10/24	ABP	Bipinnate	Ritteriella amboinensis	Bipinnate	157		15				21.656	8					
Ritteriella amboinensis Aggs26_40.mp4	NA	1/10/24	ABP	Bipinnate	Ritteriella amboinensis	Bipinnate	157		15										
PCO aggs dye.mp4	NA	1/10/24	ABP		Pegea confoederata	Transversal	3		4			52.986		1					
PCO aggs dye.mp4	NA	1/10/24	ABP		Pegea confoederata	Transversal	3		4			59.161		2					
PCO aggs dye.mp4	NA	1/10/24	ABP		Pegea confoederata	Transversal	3		4			61.022		3					
PCO aggs dye.mp4	NA	1/10/24	ABP		Pegea confoederata	Transversal	2		4				27.798	1					
PCO aggs dye.mp4	NA	1/10/24	ABP		Pegea confoederata	Transversal	2		4				35.546	2					
PCO aggs dye.mp4	NA	1/10/24	ABP		Pegea confoederata	Transversal	2		4				38.734	3					
PCO aggs dye.mp4	NA	1/10/24	ABP		Pegea confoederata	Transversal	1		4	55.045	99.482								
A001C0122_20210709171630_0001	B003C0118_20210709171631_0001	1/14/24	ABP		Iasis cylindrica	Linear	154	0:01:34	9			10.695		1					
A001C0122_20210709171630_0001	B003C0118_20210709171631_0001	1/14/24	ABP		Iasis cylindrica	Linear	154	0:01:34	9			11.105		3					
A001C0122_20210709171630_0001	B003C0118_20210709171631_0001	1/14/24	ABP		Iasis cylindrica	Linear	154	0:01:34	9			10.105		5					
A001C0122_20210709171630_0001	B003C0118_20210709171631_0001	1/14/24	ABP		Iasis cylindrica	Linear	154	0:01:34	9				6.077	1					
A001C0122_20210709171630_0001	B003C0118_20210709171631_0001	1/14/24	ABP		Iasis cylindrica	Linear	154	0:01:34	9				4.885	3					
A001C0122_20210709171630_0001	B003C0118_20210709171631_0001	1/14/24	ABP		Iasis cylindrica	Linear	154	0:01:34	9				4.792	5					
A001C0128_20210709172016_0001	B003C0124_20210709172017_0001	1/14/24	ABP		Brooksia rostrata	Bipinnate	16368	8:04	64	143.499	143.499								A001C0128_20210709172016_0001_1m
A001C0128_20210709172016_0001	B003C0124_20210709172017_0001	1/14/24	ABP		Brooksia rostrata	Bipinnate	16492	7:05	64			6.712		14					A001C0128_20210709172016_0001_m
A001C0128_20210709172016_0001	B003C0124_20210709172017_0001	1/14/24	ABP		Brooksia rostrata	Bipinnate	16492	7:05	64			6.119		16					A001C0128_20210709172016_0001_m
A001C0128_20210709172016_0001	B003C0124_20210709172017_0001	1/14/24	ABP		Brooksia rostrata	Bipinnate	16492	7:05	64			6.975		18					A001C0128_20210709172016_0001_m
A001C0128_20210709172016_0001	B003C0124_20210709172017_0001	1/14/24	ABP		Brooksia rostrata	Bipinnate	16492	7:05	64				4.653	14					A001C0128_20210709172016_0001_m
A001C0128_20210709172016_0001	B003C0124_20210709172017_0001	1/14/24	ABP		Brooksia rostrata	Bipinnate	16492	7:05	64				3.966	16					A001C0128_20210709172016_0001_m
A001C0128_20210709172016_0001	B003C0124_20210709172017_0001	1/14/24	ABP		Brooksia rostrata	Bipinnate	16368	7:05	64				4.506	18					A001C0128_20210709172016_0001_m
A001C0128_20210709172016_0001	B003C0124_20210709172017_0001	1/14/24	ABP		Iasis cylindrica	Linear	490	0:15	73			4.109		1					A001C0128_20210709172016_0001_2m
A001C0128_20210709172016_0001	B003C0124_20210709172017_0001	1/14/24	ABP		Iasis cylindrica	Linear	490	0:15	73			4.028		2					A001C0128_20210709172016_0001_2m
A001C0128_20210709172016_0001	B003C0124_20210709172017_0001	1/14/24	ABP		Iasis cylindrica	Linear	490	0:15	73			3.935		3					A001C0128_20210709172016_0001_2m
A001C0128_20210709172016_0001	B003C0124_20210709172017_0001	1/14/24	ABP		Iasis cylindrica	Linear	490	0:15	73				2.268	1					A001C0128_20210709172016_0001_2m
A001C0128_20210709172016_0001	B003C0124_20210709172017_0001	1/14/24	ABP		Iasis cylindrica	Linear	490	0:15	73				2.264	2					A001C0128_20210709172016_0001_2m
A001C0128_20210709172016_0001	B003C0124_20210709172017_0001	1/14/24	ABP		Iasis cylindrica	Linear	490	0:15	73				2.214	3					A001C0128_20210709172016_0001_2m
A001C0167_20210709184129_0001	B003C0163_20210709184129_0001	1/14/24	ABP		Iasis cylindrica	Linear	0	0	19			12.936		1					
A001C0167_20210709184129_0001	B003C0163_20210709184129_0001	1/14/24	ABP		Iasis cylindrica	Linear	0	0	19			11.348		2					
A001C0167_20210709184129_0001	B003C0163_20210709184129_0001	1/14/24	ABP		Iasis cylindrica	Linear	0	0	19			11.195		3					
A001C0167_20210709184129_0001	B003C0163_20210709184129_0001	1/14/24	ABP		Iasis cylindrica	Linear	0	0	19				6.246	1					
A001C0167_20210709184129_0001	B003C0163_20210709184129_0001	1/14/24	ABP		Iasis cylindrica	Linear	0	0	19				6.486	2					
A001C0167_20210709184129_0001	B003C0163_20210709184129_0001	1/14/24	ABP		Iasis cylindrica	Linear	0	0	19				6.764	3					
A001C0170_20210709184247_0001	B003C0166_20210709184247_0001	1/15/24	ABP		Iasis cylindrica	Linear	0	0	14			7.296		12					A001C0170_20210709184247_0001_1m
A001C0170_20210709184247_0001	B003C0166_20210709184247_0001	1/15/24	ABP		Iasis cylindrica	Linear	0	0	14			7.975		13					A001C0170_20210709184247_0001_1m
A001C0170_20210709184247_0001	B003C0166_20210709184247_0001	1/15/24	ABP		Iasis cylindrica	Linear	0	0	14			8.133		14					A001C0170_20210709184247_0001_1m
A001C0170_20210709184247_0001	B003C0166_20210709184247_0001	1/15/24	ABP		Iasis cylindrica	Linear	0	0	14				3.784	12					A001C0170_20210709184247_0001_1m
A001C0170_20210709184247_0001	B003C0166_20210709184247_0001	1/15/24	ABP		Iasis cylindrica	Linear	0	0	14				3.906	13					A001C0170_20210709184247_0001_1m
A001C0170_20210709184247_0001	B003C0166_20210709184247_0001	1/15/24	ABP		Iasis cylindrica	Linear	0	0	14				3.619	14					A001C0170_20210709184247_0001_1m
A001C0170_20210709184247_0001	B003C0166_20210709184247_0001	1/15/24	ABP		Iasis cylindrica	Linear	1926	0:49	46			4.88		10					A001C0170_20210709184247_0001_2m
A001C0170_20210709184247_0001	B003C0166_20210709184247_0001	1/15/24	ABP		Iasis cylindrica	Linear	1926	0:49	46			4.84		11					A001C0170_20210709184247_0001_2m
A001C0170_20210709184247_0001	B003C0166_20210709184247_0001	1/15/24	ABP		Iasis cylindrica	Linear	1926	0:49	46			4.438		12					A001C0170_20210709184247_0001_2m
A001C0170_20210709184247_0001	B003C0166_20210709184247_0001	1/15/24	ABP		Iasis cylindrica	Linear	1926	0:49	46				2.289	10					A001C0170_20210709184247_0001_2m
A001C0170_20210709184247_0001	B003C0166_20210709184247_0001	1/15/24	ABP		Iasis cylindrica	Linear	1926	0:49	46				2.364	11					A001C0170_20210709184247_0001_2m
A001C0170_20210709184247_0001	B003C0166_20210709184247_0001	1/15/24	ABP		Iasis cylindrica	Linear	1926	0:49	46				2.437	12					A001C0170_20210709184247_0001_2m
A001C0205_20210710141212_0001	B003C0201_20210710141212_0001	1/15/24	ABP		Salpa fusiformis	Linear	2758	1:11	15	67.61	67.61								
A001C0205_20210710141212_0001	B003C0201_20210710141212_0001	1/15/24	ABP		Salpa fusiformis	Linear	2758	1:11	15			10.685		15					
A001C0205_20210710141212_0001	B003C0201_20210710141212_0001	1/15/24	ABP		Salpa fusiformis	Linear	2758	1:11	15			10.808		14					
A001C0205_20210710141212_0001	B003C0201_20210710141212_0001	1/15/24	ABP		Salpa fusiformis	Linear	2758	1:11	15			11.51		13					
A001C0205_20210710141212_0001	B003C0201_20210710141212_0001	1/15/24	ABP		Salpa fusiformis	Linear	2758	1:11	15				5.114	15					
A001C0205_20210710141212_0001	B003C0201_20210710141212_0001	1/15/24	ABP		Salpa fusiformis	Linear	2758	1:11	15				4.966	14					
A001C0205_20210710141212_0001	B003C0201_20210710141212_0001	1/15/24	ABP		Salpa fusiformis	Linear	2758	1:11	15				5.452	13					
A001C0223_20210917230616_0001	B003C0220_20210917230617_0001	1/16/24	ABP		Brooksia rostrata	Bipinnate	953		35	67.692	67.692								
A001C0223_20210917230616_0001	B003C0220_20210917230617_0001	1/16/24	ABP		Brooksia rostrata	Bipinnate	953		35			4.363	2.306	17					
A001C0223_20210917230616_0001	B003C0220_20210917230617_0001	1/16/24	ABP		Brooksia rostrata	Bipinnate	953		35			4.349	2.351	18					
A001C0223_20210917230616_0001	B003C0220_20210917230617_0001	1/16/24	ABP		Brooksia rostrata	Bipinnate	953		35			4.316	1.804	19					
A001C0225_20210917231024_0001	B003C0222_20210917231025_0001	1/16/24	ABP		Salpa fusiformis	Linear	568		7	65.034	65.034								
A001C0225_20210917231024_0001	B003C0222_20210917231025_0001	1/16/24	ABP		Salpa fusiformis	Linear	568		7			9.448	4.298	3					
A001C0225_20210917231024_0001	B003C0222_20210917231025_0001	1/16/24	ABP		Salpa fusiformis	Linear	568		7			9.523	3.802	2					
A001C0225_20210917231024_0001	B003C0222_20210917231025_0001	1/16/24	ABP		Salpa fusiformis	Linear	568		7			9.567	4.088	5					
A001C0230_20210918220927_0001	B003C0227_20210918220928_0001	1/16/24	ABP		Salpa fusiformis	Linear	612		27	135.207	135.207								
A001C0230_20210918220927_0001	B003C0227_20210918220928_0001	1/16/24	ABP		Salpa fusiformis	Linear	612		27			8.428	4.307	15					
A001C0230_20210918220927_0001	B003C0227_20210918220928_0001	1/16/24	ABP		Salpa fusiformis	Linear	612		27			7.108	3.549	16					
A001C0230_20210918220927_0001	B003C0227_20210918220928_0001	1/16/24	ABP		Salpa fusiformis	Linear	612		27			7.231	3.308	17					
A001C0321_20210921220020_0001	B003C0297_20210921220021_0001	1/16/24	ABP		Ritteriella amboinensis	Bipinnate	961		2	130.66	130.66								
A001C0321_20210921220020_0001	B003C0297_20210921220021_0001	1/16/24	ABP		Ritteriella amboinensis	Bipinnate	961		2			69.473	33.031	1					
A001C0321_20210921220020_0001	B003C0297_20210921220021_0001	1/16/24	ABP		Ritteriella amboinensis	Bipinnate	961		2			78.862	30.885	2					
A001C0321_20210921220020_0001	B003C0297_20210921220021_0001	1/16/24	ABP		Ritteriella amboinensis	Bipinnate	147		2						2	1294.454			
A002C0073_20220422223852_0001	B004C0073_20220422223855_0001	1/16/24	ABP		Cyclosalpa bakeri	Whorl	756		13	14.208	4.626								
A002C0073_20220422223852_0001	B004C0073_20220422223855_0001	1/16/24	ABP		Cyclosalpa bakeri	Whorl	756		13						13	149.356			
A002C0095_20220422231109_0001	B004C0073_20220422223855_0001	1/16/24	ABP		Salpa fusiformis	Linear	161		4	62.262	62.262								
A002C0095_20220422231109_0001	B004C0073_20220422223855_0001	1/16/24	ABP		Salpa fusiformis	Linear	161		4			16.094	8.23	2					
A002C0095_20220422231109_0001	B004C0073_20220422223855_0001	1/16/24	ABP		Salpa fusiformis	Linear	161		4			13.879	8.828	3					
A002C0095_20220422231109_0001	B004C0073_20220422223855_0001	1/16/24	ABP		Salpa fusiformis	Linear	161		4			15.367	8.136	4					
A002C0061_20220421230910_0001	B004C0061_20220421230913_0001	1/16/24	ABP		Cyclosalpa affinis	Whorl			5	72.039	58.268								Red frame number needs to be fixed in lab. Refer to A002C0061_20220421230910_0001.01 photo for the ss that Kai sent to me.
A002C0061_20220421230910_0001	B004C0061_20220421230913_0001	1/16/24	ABP		Cyclosalpa affinis	Whorl			5			70.834	22.223	left					A002C0061_20220421230910_0001.01
A002C0061_20220421230910_0001	B004C0061_20220421230913_0001	1/16/24	ABP		Cyclosalpa affinis	Whorl			5			68.033	23.946	center					A002C0061_20220421230910_0001.01
A002C0061_20220421230910_0001	B004C0061_20220421230913_0001	1/16/24	ABP		Cyclosalpa affinis	Whorl			5			64.557	22.223	right					A002C0061_20220421230910_0001.01
A001C0209_20210710141857_0001	B003C0205_20210710141857_0001	1/16/24	ABP		Cyclosalpa bakeri	Whorl	286		4	9.782	10.251								
A001C0209_20210710141857_0001	B003C0205_20210710141857_0001	1/16/24	ABP		Cyclosalpa bakeri	Whorl	286		4			8.702	3.699	1					
A001C0209_20210710141857_0001	B003C0205_20210710141857_0001	1/16/24	ABP		Cyclosalpa bakeri	Whorl	286		4			8.307	4.082	2					
A001C0209_20210710141857_0001	B003C0205_20210710141857_0001	1/16/24	ABP		Cyclosalpa bakeri	Whorl	286		4			7.481	3.633	3					
A001C0276_20210919221503_0001	B003C0269_20210919221504_0001	1/16/24	ABP		Cyclosalpa sewelli	Cluster	2483		6			22.147	11.418	1					
A001C0276_20210919221503_0001	B003C0269_20210919221504_0001	1/16/24	ABP		Cyclosalpa sewelli	Cluster	2483		6			21.046	10.685	2					
A001C0276_20210919221503_0001	B003C0269_20210919221504_0001	1/16/24	ABP		Cyclosalpa sewelli	Cluster	2483		6			21.86	10.807	3					
A001C0210_20210710142059_0001_2	B003C0206_20210710142059_0002	1/29/24	KAW		Cyclosalpa bakeri	Whorl	1351	0.1878	6			4.519	2.036	1					
A001C0210_20210710142059_0001_2	B003C0206_20210710142059_0002	1/29/24	KAW		Cyclosalpa bakeri	Whorl	1351	0.1878	6			3.767	1.949	2					
A001C0210_20210710142059_0001_2	B003C0206_20210710142059_0002	1/29/24	KAW		Cyclosalpa bakeri	Whorl	1351	0.1878	6			3.538	1.501	3					
A001C0210_20210710142059_0001_2	B003C0206_20210710142059_0002	1/29/24	ABP		Cyclosalpa bakeri	Whorl	0	0	6		6.879								
A001C0210_20210710142059_0001_2	B003C0206_20210710142059_0002	1/29/24	ABP		Cyclosalpa bakeri	Whorl	1000	0.139	6	4.783									
A001C0332_20210921222049_0001_2	B003C0308_20210921222050_0001_b	1/29/24	ABP		Ritteriella amboinensis	Bipinnate	4114	0.572	19	190.65	190.65								
A001C0332_20210921222049_0001_2	B003C0308_20210921222050_0001_b	1/29/24	ABP		Ritteriella amboinensis	Bipinnate	4114	0.572	19			20.047	13.747						
A001C0332_20210921222049_0001_2	B003C0308_20210921222050_0001_b	1/29/24	ABP		Ritteriella amboinensis	Bipinnate	4114	0.572	19			19.621	11.562						
A001C0332_20210921222049_0001_2	B003C0308_20210921222050_0001_b	1/29/24	ABP		Ritteriella amboinensis	Bipinnate	4114	0.572	19			16.115	12.836						
GX010177_Helicosalpa	NA	1/29/24	ABP		Helicosalpa virgula	Helical	0	0	68	188.7	188.7	11.5	6.4			190.54		81.5	
CsewAggDye19_50.mp4	NA	1/30/24	SMB		Cyclosalpa sewelli	Cluster		0.0333	11	25.522		12.211	5.792						
CsewAggDye19_50.mp4	NA	1/30/24	SMB		Cyclosalpa sewelli	Cluster		0.0333	11			10.322	5.444						
CsewAggDye19_50.mp4	NA	1/30/24	SMB		Cyclosalpa sewelli	Cluster		0.0333	11			9.679	5.204						
CsewAggDye19_50.mp4	NA	1/30/24	SMB		Cyclosalpa sewelli	Cluster		0.0833	11		50.205								
CsewAggs8_51.mp4	NA	1/30/24	SMB		Cyclosalpa sewelli	Cluster		0.0167	7		43.149								
CsewAggs8_51.mp4	NA	1/30/24	SMB		Cyclosalpa sewelli	Cluster		0.0667	7	18.32		13.846	8.417						
CsewAggs8_51.mp4	NA	1/30/24	SMB		Cyclosalpa sewelli	Cluster		0.0667	7			15.629	8.779						
CsewAggs8_51.mp4	NA	1/30/24	SMB		Cyclosalpa sewelli	Cluster		0.0667	7			13.166	9.295						
CsewAgg24_29.mp4	NA	1/30/24	SMB		Cyclosalpa sewelli	Cluster		0.0167	3		73.532								
CsewAgg24_29.mp4	NA	1/30/24	SMB		Cyclosalpa sewelli	Cluster		0.0667	3	41.481									
CsewAgg24_29.mp4	NA	1/30/24	SMB		Cyclosalpa sewelli	Cluster		0.0167	3			18.022	12.569						
CsewAgg24_29.mp4	NA	1/30/24	SMB		Cyclosalpa sewelli	Cluster		0.0167	3			23.985	17.171						
CsewAgg24_29.mp4	NA	1/30/24	SMB		Cyclosalpa sewelli	Cluster		0.0167	3			17.863	11.128						
A002C0019_20220420225823_0001_2	B004C0019_20220420225825_0001	10/19/23	ABP		Salpa maxima	Linear	2161	0.6009	2	136.037	136.037								
A002C0019_20220420225823_0001_2	B004C0019_20220420225825_0001	10/19/23	ABP		Salpa maxima	Linear	2161	0.6009	2			68.311	34.78	1					
A002C0019_20220420225823_0001_2	B004C0019_20220420225825_0001	10/19/23	ABP		Salpa maxima	Linear	2161	0.6009	2			78.716	35.24	2					
c. sew agg dye 7_18.mp4	NA	2/1/24	SMB		Cyclosalpa sewelli	Cluster		0.1833	11	25.891		11.869							
c. sew agg dye 7_18.mp4	NA	2/1/24	SMB		Cyclosalpa sewelli	Cluster		0.1833	11			12.341							
c. sew agg dye 7_18.mp4	NA	2/1/24	SMB		Cyclosalpa sewelli	Cluster		0.1833	11			14.165							
c. sew agg dye 7_18.mp4	NA	2/1/24	SMB		Cyclosalpa sewelli	Cluster		0	11		54.988		10.326						
c. sew agg dye 7_18.mp4	NA	2/1/24	SMB		Cyclosalpa sewelli	Cluster		0	11				8.782						
c. sew agg dye 7_18.mp4	NA	2/1/24	SMB		Cyclosalpa sewelli	Cluster		0	11				7.804						
CsewAggDye24_25.mp4	NA	2/1/24	SMB		Cyclosalpa sewelli	Cluster		0	3	33.223									
CsewAggDye24_25.mp4	NA	2/1/24	SMB		Cyclosalpa sewelli	Cluster		0.05	3		57.821	17.561	12.85						
CsewAggDye24_25.mp4	NA	2/1/24	SMB		Cyclosalpa sewelli	Cluster		0.05	3			21.467	13.411						
CsewAggDye24_25.mp4	NA	2/1/24	SMB		Cyclosalpa sewelli	Cluster		0.05	3			20.249	11.725						
SLCaggsDye25_19.mp4	NA	2/1/24	SMB		Iasis cylindrica	Linear		0.0667	19	120.13	120.13	5.574	3.537						
SLCaggsDye25_19.mp4	NA	2/1/24	SMB		Iasis cylindrica	Linear		0.0667	19			5.834	2.954						
SLCaggsDye25_19.mp4	NA	2/1/24	SMB		Iasis cylindrica	Linear		0.0667	19			6.27	4.282						
SLCaggs25_25.mp4	NA	2/1/24	SMB		Iasis cylindrica	Linear		0.0667	19			7.834	2.545						
SLCaggs25_25.mp4	NA	2/1/24	SMB		Iasis cylindrica	Linear		0.0667	19			7.535	3.136						
SLCaggs25_25.mp4	NA	2/1/24	SMB		Iasis cylindrica	Linear		0.0667	19			7.899	3.078						
SLCaggs25_25.mp4	NA	2/1/24	SMB		Iasis cylindrica	Linear		0.0833	19	98.666	98.666								
SLCaggsDye3_55(good).mp4	NA	2/2/24	SMB		Iasis cylindrica	Linear		0.0667	42			6.397	2.348						
SLCaggsDye3_55(good).mp4	NA	2/2/24	SMB		Iasis cylindrica	Linear		0.0667	42			5.868	2.463						
SLCaggsDye3_55(good).mp4	NA	2/2/24	SMB		Iasis cylindrica	Linear		0.0667	42			4.661	3.015						
SLCaggsDye3_55(good).mp4	NA	2/2/24	SMB		Iasis cylindrica	Linear		0.1333	42	114.384	114.384								
SLCaggsDye25_11.mp4	NA	2/2/24	SMB		Iasis cylindrica	Linear		0.0667	20	103.677	103.677								
SLCaggsDye25_11.mp4	NA	2/2/24	SMB		Iasis cylindrica	Linear		0.0333	20			8.011	4.254						
SLCaggsDye25_11.mp4	NA	2/2/24	SMB		Iasis cylindrica	Linear		0.0333	20			7.522	4.683						
SLCaggsDye25_11.mp4	NA	2/2/24	SMB		Iasis cylindrica	Linear		0.0333	20			7.434	4.785						
SLCaggsDye4_07.mp4	NA	2/2/24	SMB		Iasis cylindrica	Linear		0.0333	30			6.618	3.451	1					
SLCaggsDye4_07.mp4	NA	2/2/24	SMB		Iasis cylindrica	Linear		0.0333	30			6.377	4.2	2					
SLCaggsDye4_07.mp4	NA	2/2/24	SMB		Iasis cylindrica	Linear		0.0333	30			5.974		3					
pco agg 24_37.mp4	NA	2/2/24	SMB		Pegea confoederata	Transversal		0.1	2	14.219	15.25	13.514	8.025						
pco agg 24_37.mp4	NA	2/2/24	SMB		Pegea confoederata	Transversal		0.1	2			16.358	7.161						
c. sew agg dye 7_18.mp4	NA	2/2/24	SMB		Cyclosalpa sewelli	Cluster		0.0167	11							2208.79			
pco agg 24_37.mp4	NA	2/2/24	SMB		Pegea confoederata	Transversal		0.1667	2							130.91			
PCO aggs dye.mp4	NA	2/2/24	SMB		Pegea confoederata	Transversal		0.0833	4							339.878			